Time stamp,Tpy (raw),Tpy (°C),Tpx (raw),Tpx (°C),Tmz (raw),Tmz (°C),Tmx (raw),Tmx (°C),Tpz (raw),Tpz (°C),Vpy (raw),Vpy (mV),Vpx (raw),Vpx (mV),Vmz (raw),Vmz (mV),Vmx (raw),Vmx (mV),Vpz (raw),Vpz (mV),Ipy (raw),Ipy (mA),Ipx (raw),Ipx (mA),Imz (raw),Imz (mA),Imx (raw),Imx (mA),Ipz (raw),Ipz (mA),Vbat (raw),Vbat (V),Ibatt(raw),Ibatt(mA),Tbatt (raw),Tbatt (℃)
0,06B7,-2.58,06B8,-2.69,06D7,-6.13,06CA,-4.69,06A0,-0.03,0363,1323.26,033E,1266.79,0346,1279,035C,1312.58,0345,1277.47,03,13.98,00,0,01,4.66,00,0,01,4.66,9F,4.04,0791,327.76,AA,9.88
11.3,06BC,-3.14,06BB,-3.02,06DA,-6.46,06CC,-4.91,06A3,-0.36,0363,1323.26,033E,1266.79,0347,1280.53,035C,1312.58,0345,1277.47,03,13.98,00,0,01,4.66,00,0,01,4.66,9F,4.04,0792,324.84,AA,9.88
22.6,06BF,-3.47,06BD,-3.25,06DC,-6.69,06CE,-5.13,06A5,-0.58,0362,1321.73,033D,1265.26,0346,1279,035C,1312.58,0345,1277.47,03,13.98,00,0,01,4.66,00,0,02,9.32,9F,4.04,0795,316.05,AA,9.88
33.9,06C2,-3.8,06C0,-3.58,06DF,-7.02,06D0,-5.36,06A7,-0.81,0363,1323.26,033E,1266.79,0346,1279,035C,1312.58,0345,1277.47,03,13.98,00,0,02,9.32,00,0,02,9.32,9F,4.04,0794,318.98,AA,9.88
45.2,06C6,-4.25,06C4,-4.02,06E1,-7.24,06D0,-5.36,06A9,-1.03,0362,1321.73,033E,1266.79,0345,1277.47,035C,1312.58,0344,1275.95,03,13.98,00,0,01,4.66,00,0,02,9.32,9F,4.04,0796,313.12,AA,9.88
56.5,06CA,-4.69,06C9,-4.58,06E5,-7.69,06D1,-5.47,06AA,-1.14,0363,1323.26,033D,1265.26,0346,1279,035B,1311.05,0345,1277.47,03,13.98,00,0,01,4.66,00,0,01,4.66,9F,4.04,078E,336.55,AA,9.88
67.8,06CB,-4.8,06CD,-5.02,06E7,-7.91,06D2,-5.58,06AC,-1.36,0363,1323.26,033D,1265.26,0346,1279,035B,1311.05,0344,1275.95,03,13.98,00,0,01,4.66,00,0,01,4.66,9F,4.04,0789,351.19,AA,9.88
79.1,06CB,-4.8,06CF,-5.24,06EA,-8.24,06D3,-5.69,06AE,-1.58,0362,1321.73,033C,1263.74,0346,1279,035B,1311.05,0344,1275.95,03,13.98,00,0,01,4.66,00,0,02,9.32,9F,4.04,0790,330.69,AA,9.88
90.4,06CB,-4.8,06D1,-5.47,06EB,-8.35,06D6,-6.02,06B1,-1.91,0362,1321.73,033C,1263.74,0345,1277.47,035B,1311.05,0344,1275.95,03,13.98,00,0,02,9.32,00,0,02,9.32,9F,4.04,0790,330.69,AA,9.88
101.7,06CF,-5.24,06D0,-5.36,06EC,-8.46,06D8,-6.24,06B5,-2.36,0362,1321.73,033C,1263.74,0345,1277.47,035A,1309.52,0345,1277.47,03,13.98,00,0,01,4.66,00,0,02,9.32,9F,4.04,0794,318.98,AA,9.88
113,06CD,-5.02,06D0,-5.36,06ED,-8.57,06DF,-7.02,06B8,-2.69,0361,1320.21,033C,1263.74,0344,1275.95,035B,1311.05,0344,1275.95,03,13.98,00,0,01,4.66,00,0,01,4.66,9F,4.04,0792,324.84,AA,9.88
124.3,06D1,-5.47,06CF,-5.24,06EE,-8.68,06DE,-6.91,06BC,-3.14,0361,1320.21,033C,1263.74,0345,1277.47,035B,1311.05,0344,1275.95,03,13.98,00,0,01,4.66,00,0,02,9.32,9F,4.04,0795,316.05,AA,9.88
135.6,06D4,-5.8,06D0,-5.36,06F0,-8.91,06E3,-7.46,06BE,-3.36,0361,1320.21,033C,1263.74,0345,1277.47,035A,1309.52,0344,1275.95,03,13.98,00,0,01,4.66,00,0,01,4.66,9F,4.04,0795,316.05,AA,9.88
146.9,06D8,-6.24,06D2,-5.58,06F5,-9.46,06E0,-7.13,06C0,-3.58,0361,1320.21,033B,1262.21,0346,1279,035B,1311.05,0344,1275.95,03,13.98,00,0,01,4.66,00,0,02,9.32,9F,4.04,0795,316.05,AB,9.5
158.2,06DB,-6.58,06D6,-6.02,06F8,-9.79,06E2,-7.35,06C1,-3.69,0361,1320.21,033B,1262.21,0345,1277.47,035A,1309.52,0344,1275.95,03,13.98,00,0,01,4.66,00,0,02,9.32,9F,4.04,0797,310.19,AA,9.88
169.5,06DF,-7.02,06DD,-6.8,06FA,-10.02,06E2,-7.35,06C2,-3.8,0362,1321.73,033B,1262.21,0344,1275.95,035A,1309.52,0343,1274.42,03,13.98,00,0,01,4.66,00,0,02,9.32,9F,4.04,0788,354.12,AA,9.88
180.8,06E0,-7.13,06DF,-7.02,06FB,-10.13,06E2,-7.35,06C3,-3.91,0361,1320.21,033B,1262.21,0344,1275.95,035A,1309.52,0343,1274.42,03,13.98,00,0,01,4.66,00,0,01,4.66,9F,4.04,077A,395.12,AB,9.5
192.1,06E0,-7.13,06E1,-7.24,06FE,-10.46,06E6,-7.8,06C4,-4.02,0361,1320.21,033D,1265.26,0344,1275.95,0359,1308,0343,1274.42,03,13.98,00,0,01,4.66,00,0,01,4.66,9F,4.04,0792,324.84,AB,9.5
203.4,06DF,-7.02,06E3,-7.46,06FF,-10.57,06E5,-7.69,06C7,-4.36,0361,1320.21,033B,1262.21,0344,1275.95,0359,1308,0343,1274.42,03,13.98,00,0,01,4.66,00,0,02,9.32,9E,4.02,0793,321.91,AB,9.5
214.7,06DE,-6.91,06E3,-7.46,06FE,-10.46,06E7,-7.91,06CB,-4.8,0361,1320.21,033B,1262.21,0343,1274.42,0359,1308,0343,1274.42,03,13.98,00,0,01,4.66,00,0,01,4.66,9F,4.04,0793,321.91,AB,9.5
226,06DF,-7.02,06E2,-7.35,06FE,-10.46,06EA,-8.24,06CE,-5.13,0360,1318.68,033B,1262.21,0343,1274.42,035A,1309.52,0343,1274.42,03,13.98,00,0,01,4.66,00,0,02,9.32,9E,4.02,0790,330.69,AB,9.5
237.3,06E1,-7.24,06E1,-7.24,0703,-11.01,06ED,-8.57,06D2,-5.58,0360,1318.68,033B,1262.21,0344,1275.95,035A,1309.52,0343,1274.42,03,13.98,00,0,01,4.66,00,0,01,4.66,9F,4.04,0792,324.84,AB,9.5
248.6,06E5,-7.69,06E1,-7.24,0700,-10.68,06EE,-8.68,06D5,-5.91,0360,1318.68,033B,1262.21,0343,1274.42,0359,1308,0343,1274.42,03,13.98,00,0,01,4.66,00,0,02,9.32,9F,4.04,0791,327.76,AB,9.5
259.9,06E6,-7.8,06E1,-7.24,0702,-10.9,06F1,-9.02,06D6,-6.02,0360,1318.68,033B,1262.21,0343,1274.42,035A,1309.52,0343,1274.42,03,13.98,00,0,01,4.66,00,0,01,4.66,9E,4.02,078E,336.55,AB,9.5
271.2,06EC,-8.46,06E6,-7.8,070A,-11.79,06F0,-8.91,06D7,-6.13,0362,1321.73,033A,1260.68,0343,1274.42,0359,1308,0342,1272.89,03,13.98,00,0,01,4.66,00,0,02,9.32,9E,4.02,077F,380.47,AB,9.5
282.5,06EF,-8.8,06EA,-8.24,0709,-11.68,06F1,-9.02,06D7,-6.13,0361,1320.21,033A,1260.68,0343,1274.42,0359,1308,0343,1274.42,03,13.98,00,0,01,4.66,00,0,01,4.66,9E,4.02,0786,359.98,AB,9.5
293.8,06F1,-9.02,06EE,-8.68,070C,-12.01,06EF,-8.8,06D8,-6.24,0360,1318.68,033B,1262.21,0343,1274.42,0359,1308,0342,1272.89,03,13.98,00,0,01,4.66,00,0,02,9.32,9E,4.02,0790,330.69,AB,9.5
305.1,06F0,-8.91,06F1,-9.02,070D,-12.12,06EF,-8.8,06D9,-6.35,0360,1318.68,033A,1260.68,0343,1274.42,0359,1308,0343,1274.42,03,13.98,00,0,01,4.66,00,0,02,9.32,9F,4.04,0791,327.76,AB,9.5
316.4,06EE,-8.68,06F7,-9.68,070E,-12.24,06F1,-9.02,06DC,-6.69,0360,1318.68,033B,1262.21,0343,1274.42,0358,1306.47,0343,1274.42,03,13.98,00,0,01,4.66,00,0,01,4.66,9F,4.04,0791,327.76,AB,9.5
327.7,06ED,-8.57,06F4,-9.35,070E,-12.24,06F2,-9.13,06DF,-7.02,035F,1317.16,033A,1260.68,0343,1274.42,0359,1308,0342,1272.89,03,13.98,00,0,01,4.66,00,0,02,9.32,9E,4.02,0790,330.69,AB,9.5
339,06ED,-8.57,06F4,-9.35,070D,-12.12,06F5,-9.46,06E2,-7.35,0360,1318.68,033A,1260.68,0342,1272.89,0359,1308,0342,1272.89,03,13.98,00,0,01,4.66,00,0,01,4.66,9E,4.02,0790,330.69,AB,9.5
350.3,06EE,-8.68,06F3,-9.24,070D,-12.12,06F8,-9.79,06E5,-7.69,035F,1317.16,033A,1260.68,0342,1272.89,035A,1309.52,0343,1274.42,03,13.98,00,0,01,4.66,00,0,02,9.32,9E,4.02,078F,333.62,AB,9.5
361.6,06F1,-9.02,06F3,-9.24,070E,-12.24,06FA,-10.02,06E9,-8.13,035F,1317.16,033A,1260.68,0343,1274.42,0359,1308,0342,1272.89,03,13.98,00,0,01,4.66,00,0,02,9.32,9E,4.02,0790,330.69,AC,9.11
372.9,06F6,-9.57,06F3,-9.24,0714,-12.9,06FE,-10.46,06EC,-8.46,0360,1318.68,0339,1259.16,0342,1272.89,0359,1308,0342,1272.89,03,13.98,00,0,01,4.66,00,0,01,4.66,9E,4.02,079B,298.48,AC,9.11
384.2,06F9,-9.91,06F5,-9.46,0714,-12.9,06FD,-10.35,06ED,-8.57,0360,1318.68,033A,1260.68,0342,1272.89,0358,1306.47,0342,1272.89,03,13.98,00,0,01,4.66,00,0,01,4.66,9E,4.02,0778,400.97,AC,9.11
395.5,06FD,-10.35,06F9,-9.91,0717,-13.23,06FD,-10.35,06ED,-8.57,0360,1318.68,0339,1259.16,0342,1272.89,0358,1306.47,0342,1272.89,03,13.98,00,0,01,4.66,00,0,02,9.32,9E,4.02,0790,330.69,AC,9.11
406.8,06FF,-10.57,06FD,-10.35,0719,-13.46,06FC,-10.24,06ED,-8.57,0360,1318.68,0339,1259.16,0343,1274.42,0358,1306.47,0341,1271.37,03,13.98,00,0,01,4.66,00,0,01,4.66,9E,4.02,0790,330.69,AC,9.11
418.1,0700,-10.68,0700,-10.68,071C,-13.79,06FB,-10.13,06EF,-8.8,035F,1317.16,033A,1260.68,0342,1272.89,0358,1306.47,0342,1272.89,03,13.98,00,0,01,4.66,00,0,02,9.32,9E,4.02,0791,327.76,AC,9.11
429.4,06FF,-10.57,0703,-11.01,071D,-13.9,06FF,-10.57,06F1,-9.02,035F,1317.16,033A,1260.68,0342,1272.89,0358,1306.47,0341,1271.37,03,13.98,00,0,01,4.66,00,0,02,9.32,9E,4.02,0790,330.69,AC,9.11
440.7,06FE,-10.46,0705,-11.24,071B,-13.68,06FD,-10.35,06F4,-9.35,035F,1317.16,0339,1259.16,0342,1272.89,0358,1306.47,0341,1271.37,03,13.98,00,0,01,4.66,00,0,02,9.32,9E,4.02,078F,333.62,AC,9.11
452,0702,-10.9,0706,-11.35,071B,-13.68,0700,-10.68,06F8,-9.79,035F,1317.16,0339,1259.16,0342,1272.89,0358,1306.47,0342,1272.89,03,13.98,00,0,01,4.66,00,0,02,9.32,9E,4.02,0791,327.76,AC,9.11
463.3,06FE,-10.46,0706,-11.35,071C,-13.79,0701,-10.79,06F9,-9.91,035F,1317.16,033A,1260.68,0342,1272.89,0358,1306.47,0341,1271.37,03,13.98,00,0,01,4.66,00,0,02,9.32,9E,4.02,078F,333.62,AC,9.11
474.6,0700,-10.68,0705,-11.24,071C,-13.79,0704,-11.13,06FD,-10.35,035F,1317.16,0339,1259.16,0341,1271.37,0358,1306.47,0342,1272.89,03,13.98,00,0,01,4.66,00,0,02,9.32,9E,4.02,0791,327.76,AC,9.11
485.9,0704,-11.13,0706,-11.35,071E,-14.01,0706,-11.35,0700,-10.68,035F,1317.16,0339,1259.16,0341,1271.37,0358,1306.47,0342,1272.89,03,13.98,00,0,01,4.66,00,0,01,4.66,9E,4.02,0799,304.34,AC,9.11
497.2,0709,-11.68,0709,-11.68,0720,-14.23,0709,-11.68,0702,-10.9,035F,1317.16,0339,1259.16,0341,1271.37,0358,1306.47,0342,1272.89,03,13.98,00,0,01,4.66,00,0,02,9.32,9E,4.02,0799,304.34,AC,9.11
508.5,070E,-12.24,070A,-11.79,0722,-14.45,0708,-11.57,0704,-11.13,035F,1317.16,0338,1257.63,0341,1271.37,0358,1306.47,0341,1271.37,03,13.98,00,0,01,4.66,00,0,02,9.32,9E,4.02,0794,318.98,AD,8.73
519.8,070E,-12.24,0711,-12.57,0724,-14.68,0708,-11.57,0705,-11.24,035F,1317.16,0339,1259.16,0341,1271.37,0357,1304.95,0341,1271.37,03,13.98,00,0,01,4.66,00,0,01,4.66,9E,4.02,0792,324.84,AD,8.73
531.1,0710,-12.46,0711,-12.57,0726,-14.9,0706,-11.35,0706,-11.35,035F,1317.16,0339,1259.16,0341,1271.37,0357,1304.95,0341,1271.37,03,13.98,00,0,01,4.66,00,0,02,9.32,9D,3.99,0794,318.98,AD,8.73
542.4,0710,-12.46,0714,-12.9,0727,-15.01,0707,-11.46,0709,-11.68,035F,1317.16,0339,1259.16,0341,1271.37,0357,1304.95,0341,1271.37,03,13.98,00,0,01,4.66,00,0,01,4.66,9D,3.99,0792,324.84,AD,8.73
553.7,0710,-12.46,0716,-13.12,0728,-15.12,0706,-11.35,070B,-11.9,035F,1317.16,0339,1259.16,0341,1271.37,0357,1304.95,0341,1271.37,03,13.98,00,0,01,4.66,00,0,01,4.66,9E,4.02,0792,324.84,AD,8.73
565,070F,-12.35,071A,-13.57,0727,-15.01,0708,-11.57,070E,-12.24,035F,1317.16,0339,1259.16,0341,1271.37,0357,1304.95,0341,1271.37,03,13.98,00,0,01,4.66,00,0,02,9.32,9E,4.02,0792,324.84,AD,8.73
576.3,070F,-12.35,0718,-13.35,0727,-15.01,070B,-11.9,0711,-12.57,035F,1317.16,0339,1259.16,0341,1271.37,0358,1306.47,0342,1272.89,03,13.98,00,0,01,4.66,00,0,02,9.32,9D,3.99,0791,327.76,AD,8.73
587.6,0711,-12.57,0716,-13.12,0726,-14.9,070F,-12.35,0715,-13.01,035F,1317.16,0339,1259.16,0341,1271.37,0358,1306.47,0341,1271.37,03,13.98,00,0,01,4.66,00,0,02,9.32,9E,4.02,0783,368.76,AD,8.73
598.9,0714,-12.9,0718,-13.35,0728,-15.12,0712,-12.68,0717,-13.23,035F,1317.16,0338,1257.63,0341,1271.37,0359,1308,0342,1272.89,03,13.98,00,0,01,4.66,00,0,02,9.32,9E,4.02,079B,298.48,AD,8.73
610.2,0716,-13.12,0717,-13.23,0728,-15.12,0712,-12.68,071A,-13.57,035F,1317.16,0338,1257.63,0341,1271.37,0357,1304.95,0341,1271.37,03,13.98,00,0,01,4.66,00,0,01,4.66,9E,4.02,078C,342.41,AD,8.73
621.5,0719,-13.46,071A,-13.57,072E,-15.79,0713,-12.79,071C,-13.79,035F,1317.16,0339,1259.16,0340,1269.84,0357,1304.95,0341,1271.37,03,13.98,00,0,01,4.66,00,0,01,4.66,9E,4.02,0790,330.69,AD,8.73
632.8,071F,-14.12,071D,-13.9,072D,-15.68,0712,-12.68,071D,-13.9,035F,1317.16,0339,1259.16,0341,1271.37,0358,1306.47,0341,1271.37,03,13.98,00,0,01,4.66,00,0,02,9.32,9E,4.02,0792,324.84,AD,8.73
644.1,071E,-14.01,0720,-14.23,072F,-15.9,0711,-12.57,071E,-14.01,035F,1317.16,0339,1259.16,0341,1271.37,0357,1304.95,0341,1271.37,03,13.98,00,0,01,4.66,00,0,02,9.32,9D,3.99,0793,321.91,AD,8.73
655.4,071F,-14.12,0724,-14.68,0732,-16.23,0710,-12.46,0720,-14.23,035F,1317.16,0339,1259.16,0341,1271.37,0357,1304.95,0341,1271.37,03,13.98,00,0,01,4.66,00,0,02,9.32,9D,3.99,0790,330.69,AD,8.73
666.7,0720,-14.23,0724,-14.68,0732,-16.23,0713,-12.79,0720,-14.23,035E,1315.63,0338,1257.63,0342,1272.89,0357,1304.95,0341,1271.37,03,13.98,00,0,01,4.66,00,0,02,9.32,9D,3.99,0793,321.91,AE,8.35
678,0720,-14.23,0727,-15.01,0733,-16.34,0713,-12.79,0724,-14.68,035F,1317.16,0338,1257.63,0340,1269.84,0357,1304.95,0341,1271.37,03,13.98,00,0,01,4.66,00,0,01,4.66,9D,3.99,0793,321.91,AE,8.35
689.3,0720,-14.23,0729,-15.23,0734,-16.45,0715,-13.01,0726,-14.9,035F,1317.16,0338,1257.63,0340,1269.84,0357,1304.95,0341,1271.37,03,13.98,00,0,01,4.66,00,0,02,9.32,9D,3.99,0792,324.84,AE,8.35
700.6,0722,-14.45,072D,-15.68,0734,-16.45,0717,-13.23,072A,-15.34,035F,1317.16,0338,1257.63,0340,1269.84,0357,1304.95,0341,1271.37,03,13.98,00,0,01,4.66,00,0,01,4.66,9D,3.99,078E,336.55,AE,8.35
711.9,0723,-14.57,072B,-15.45,0736,-16.67,071A,-13.57,072C,-15.56,035F,1317.16,0337,1256.11,0341,1271.37,0357,1304.95,0341,1271.37,03,13.98,00,0,01,4.66,00,0,02,9.32,9D,3.99,0776,406.83,AE,8.35
723.2,0729,-15.23,072B,-15.45,0735,-16.56,071B,-13.68,072F,-15.9,035F,1317.16,0338,1257.63,0340,1269.84,0357,1304.95,0341,1271.37,03,13.98,00,0,01,4.66,00,0,01,4.66,9D,3.99,0791,327.76,AE,8.35
734.5,072C,-15.56,072D,-15.68,0737,-16.79,071D,-13.9,0731,-16.12,035F,1317.16,0337,1256.11,0340,1269.84,0357,1304.95,0341,1271.37,03,13.98,00,0,01,4.66,00,0,02,9.32,9D,3.99,0792,324.84,AE,8.35
745.8,072E,-15.79,0733,-16.34,0738,-16.9,071D,-13.9,0733,-16.34,035F,1317.16,0339,1259.16,0340,1269.84,0356,1303.42,0340,1269.84,03,13.98,00,0,01,4.66,00,0,02,9.32,9D,3.99,0791,327.76,AE,8.35
757.1,072D,-15.68,0732,-16.23,073A,-17.12,071D,-13.9,0734,-16.45,035F,1317.16,0338,1257.63,0340,1269.84,0359,1308,0340,1269.84,03,13.98,00,0,01,4.66,00,0,02,9.32,9D,3.99,0791,327.76,AE,8.35
768.4,0730,-16.01,0736,-16.67,073B,-17.23,071D,-13.9,0735,-16.56,035E,1315.63,0338,1257.63,0340,1269.84,0356,1303.42,0340,1269.84,03,13.98,00,0,01,4.66,00,0,01,4.66,9D,3.99,0793,321.91,AE,8.35
779.7,072F,-15.9,0739,-17.01,073D,-17.45,071C,-13.79,0736,-16.67,035E,1315.63,0338,1257.63,0340,1269.84,0357,1304.95,0340,1269.84,03,13.98,00,0,01,4.66,00,0,02,9.32,9D,3.99,0791,327.76,AE,8.35
791,0731,-16.12,073B,-17.23,0740,-17.78,071D,-13.9,0738,-16.9,035E,1315.63,0337,1256.11,0341,1271.37,0357,1304.95,0340,1269.84,03,13.98,00,0,01,4.66,00,0,02,9.32,9D,3.99,0791,327.76,AE,8.35
802.3,0730,-16.01,073C,-17.34,073D,-17.45,071F,-14.12,073C,-17.34,035F,1317.16,0338,1257.63,0340,1269.84,0356,1303.42,0341,1271.37,03,13.98,00,0,01,4.66,00,0,01,4.66,9D,3.99,0776,406.83,AE,8.35
813.6,0732,-16.23,073D,-17.45,073D,-17.45,0721,-14.34,073E,-17.56,035F,1317.16,0338,1257.63,0340,1269.84,0357,1304.95,0341,1271.37,03,13.98,00,0,01,4.66,00,0,02,9.32,9D,3.99,0774,412.69,AF,7.96
824.9,0733,-16.34,073D,-17.45,073D,-17.45,0722,-14.45,0740,-17.78,035F,1317.16,0337,1256.11,0340,1269.84,0357,1304.95,0341,1271.37,03,13.98,00,0,01,4.66,00,0,02,9.32,9D,3.99,078F,333.62,AF,7.96
836.2,0736,-16.67,073F,-17.67,073F,-17.67,0724,-14.68,0742,-18.01,035E,1315.63,0337,1256.11,0340,1269.84,0356,1303.42,0341,1271.37,03,13.98,00,0,01,4.66,00,0,02,9.32,9D,3.99,078F,333.62,AF,7.96
847.5,073B,-17.23,0740,-17.78,0741,-17.9,0726,-14.9,0744,-18.23,035F,1317.16,0338,1257.63,0340,1269.84,0357,1304.95,0341,1271.37,03,13.98,00,0,01,4.66,00,0,01,4.66,9D,3.99,078A,348.26,AF,7.96
858.8,073B,-17.23,0742,-18.01,0741,-17.9,0726,-14.9,0746,-18.45,035F,1317.16,0338,1257.63,0340,1269.84,0356,1303.42,0340,1269.84,03,13.98,00,0,01,4.66,00,0,02,9.32,9D,3.99,0790,330.69,AF,7.96
870.1,073D,-17.45,0744,-18.23,0742,-18.01,0726,-14.9,0747,-18.56,035F,1317.16,0337,1256.11,033F,1268.32,0356,1303.42,0340,1269.84,03,13.98,00,0,01,4.66,00,0,02,9.32,9D,3.99,0792,324.84,AF,7.96
881.4,0740,-17.78,0747,-18.56,0748,-18.67,0726,-14.9,0748,-18.67,035F,1317.16,0338,1257.63,0340,1269.84,0356,1303.42,0340,1269.84,03,13.98,00,0,01,4.66,00,0,01,4.66,9B,3.94,078D,339.48,AF,7.96
892.7,0740,-17.78,0749,-18.78,0747,-18.56,0726,-14.9,074A,-18.89,035E,1315.63,0338,1257.63,0340,1269.84,0356,1303.42,0341,1271.37,03,13.98,00,0,01,4.66,00,0,02,9.32,9D,3.99,078F,333.62,AF,7.96
904,0741,-17.9,074C,-19.12,0748,-18.67,0726,-14.9,074C,-19.12,035F,1317.16,0338,1257.63,0341,1271.37,0357,1304.95,0341,1271.37,03,13.98,00,0,01,4.66,00,0,02,9.32,9D,3.99,078E,336.55,AF,7.96
915.3,0745,-18.34,074E,-19.34,0746,-18.45,0728,-15.12,074E,-19.34,035E,1315.63,0338,1257.63,0340,1269.84,0356,1303.42,0341,1271.37,03,13.98,00,0,01,4.66,00,0,01,4.66,9C,3.97,0792,324.84,AF,7.96
926.6,0743,-18.12,074F,-19.45,0747,-18.56,0729,-15.23,0751,-19.67,035F,1317.16,0338,1257.63,0340,1269.84,0357,1304.95,0341,1271.37,03,13.98,00,0,01,4.66,00,0,02,9.32,9C,3.97,0784,365.83,AF,7.96
937.9,0744,-18.23,0753,-19.89,0746,-18.45,072C,-15.56,0752,-19.78,035E,1315.63,0337,1256.11,0340,1269.84,0356,1303.42,0341,1271.37,03,13.98,00,0,01,4.66,00,0,02,9.32,9D,3.99,078E,336.55,B0,7.58
949.2,074A,-18.89,0751,-19.67,0747,-18.56,072D,-15.68,0755,-20.11,035E,1315.63,0338,1257.63,0340,1269.84,0356,1303.42,0340,1269.84,03,13.98,00,0,01,4.66,00,0,02,9.32,9D,3.99,078F,333.62,B0,7.58
960.5,074A,-18.89,0752,-19.78,0748,-18.67,072E,-15.79,0756,-20.23,035E,1315.63,0337,1256.11,033F,1268.32,0358,1306.47,0341,1271.37,03,13.98,00,0,01,4.66,00,0,02,9.32,9D,3.99,078D,339.48,B0,7.58
971.8,074B,-19,0753,-19.89,074A,-18.89,0730,-16.01,0758,-20.45,035E,1315.63,0339,1259.16,0340,1269.84,0356,1303.42,0341,1271.37,03,13.98,00,0,01,4.66,00,0,01,4.66,9D,3.99,078C,342.41,B0,7.58
983.1,074E,-19.34,0756,-20.23,074B,-19,072F,-15.9,075A,-20.67,035F,1317.16,0338,1257.63,0340,1269.84,0356,1303.42,0340,1269.84,03,13.98,00,0,01,4.66,00,0,02,9.32,9C,3.97,078F,333.62,B0,7.58
994.4,0750,-19.56,0758,-20.45,074D,-19.23,0731,-16.12,075B,-20.78,035E,1315.63,0337,1256.11,033F,1268.32,0356,1303.42,0340,1269.84,03,13.98,00,0,01,4.66,00,0,02,9.32,9D,3.99,078D,339.48,B0,7.58
1005.7,0751,-19.67,075A,-20.67,0751,-19.67,072E,-15.79,075C,-20.89,035E,1315.63,0337,1256.11,0340,1269.84,0357,1304.95,0341,1271.37,03,13.98,00,0,01,4.66,00,0,01,4.66,9C,3.97,078E,336.55,B0,7.58
1017,0752,-19.78,075F,-21.22,074F,-19.45,072F,-15.9,075F,-21.22,035E,1315.63,0338,1257.63,0340,1269.84,0356,1303.42,0341,1271.37,03,13.98,00,0,01,4.66,00,0,02,9.32,9C,3.97,0775,409.76,B0,7.58
1028.3,0751,-19.67,075E,-21.11,0752,-19.78,0731,-16.12,0761,-21.45,035E,1315.63,0338,1257.63,0340,1269.84,0358,1306.47,0341,1271.37,03,13.98,00,0,01,4.66,00,0,02,9.32,9C,3.97,077E,383.4,B0,7.58
1039.6,0753,-19.89,075F,-21.22,074E,-19.34,0734,-16.45,0762,-21.56,035E,1315.63,0337,1256.11,0341,1271.37,0356,1303.42,0340,1269.84,03,13.98,00,0,01,4.66,00,0,01,4.66,9B,3.94,0795,316.05,B1,7.2
1050.9,0754,-20,075F,-21.22,074D,-19.23,0734,-16.45,0764,-21.78,035E,1315.63,0338,1257.63,0340,1269.84,0356,1303.42,0341,1271.37,03,13.98,00,0,01,4.66,00,0,02,9.32,9C,3.97,078F,333.62,B1,7.2
1062.2,0755,-20.11,0762,-21.56,074F,-19.45,0736,-16.67,0766,-22,035E,1315.63,0337,1256.11,0340,1269.84,0356,1303.42,0340,1269.84,03,13.98,00,0,01,4.66,00,0,02,9.32,9C,3.97,078D,339.48,B1,7.2
1073.5,0756,-20.23,0760,-21.34,074F,-19.45,0736,-16.67,0767,-22.11,035E,1315.63,0337,1256.11,0340,1269.84,0356,1303.42,0341,1271.37,03,13.98,00,0,01,4.66,00,0,02,9.32,9C,3.97,078C,342.41,B1,7.2
1084.8,0758,-20.45,0761,-21.45,0750,-19.56,0736,-16.67,0769,-22.33,035E,1315.63,0338,1257.63,0340,1269.84,0357,1304.95,0340,1269.84,03,13.98,00,0,01,4.66,00,0,02,9.32,9C,3.97,078F,333.62,B1,7.2
1096.1,075A,-20.67,0763,-21.67,0751,-19.67,0738,-16.9,076B,-22.56,035E,1315.63,0338,1257.63,033F,1268.32,0356,1303.42,0340,1269.84,03,13.98,00,0,01,4.66,00,0,01,4.66,9B,3.94,078D,339.48,B1,7.2
1107.4,075C,-20.89,0765,-21.89,0752,-19.78,0738,-16.9,076B,-22.56,035E,1315.63,0337,1256.11,0340,1269.84,0356,1303.42,0340,1269.84,03,13.98,00,0,01,4.66,00,0,02,9.32,9B,3.94,078F,333.62,B1,7.2
1118.7,075E,-21.11,0766,-22,0754,-20,0738,-16.9,076D,-22.78,035E,1315.63,0338,1257.63,0340,1269.84,0357,1304.95,0340,1269.84,03,13.98,00,0,01,4.66,00,0,02,9.32,9B,3.94,079E,289.69,B1,7.2
1130,075F,-21.22,076A,-22.44,0755,-20.11,0738,-16.9,076F,-23,035E,1315.63,0338,1257.63,0340,1269.84,0356,1303.42,0340,1269.84,03,13.98,00,0,01,4.66,00,0,01,4.66,9C,3.97,07A5,269.2,B1,7.2
1141.3,075F,-21.22,076D,-22.78,0756,-20.23,0739,-17.01,0770,-23.11,035E,1315.63,0337,1256.11,033F,1268.32,0356,1303.42,0340,1269.84,03,13.98,00,0,01,4.66,00,0,02,9.32,9B,3.94,0786,359.98,B1,7.2
1152.6,075E,-21.11,076D,-22.78,0756,-20.23,073A,-17.12,0771,-23.22,035E,1315.63,0337,1256.11,0340,1269.84,0357,1304.95,0341,1271.37,03,13.98,00,0,01,4.66,00,0,02,9.32,9B,3.94,079D,292.62,B1,7.2
1163.9,075F,-21.22,076D,-22.78,0758,-20.45,073A,-17.12,0773,-23.44,035E,1315.63,0338,1257.63,033F,1268.32,0356,1303.42,0340,1269.84,03,13.98,00,0,01,4.66,00,0,02,9.32,9B,3.94,079C,295.55,B1,7.2
1175.2,0760,-21.34,076D,-22.78,0755,-20.11,073D,-17.45,0776,-23.78,035E,1315.63,0337,1256.11,033F,1268.32,0356,1303.42,0341,1271.37,03,13.98,00,0,01,4.66,00,0,01,4.66,9B,3.94,079E,289.69,B2,6.82
1186.5,0761,-21.45,076F,-23,0755,-20.11,073E,-17.56,0777,-23.89,035E,1315.63,0337,1256.11,033F,1268.32,0356,1303.42,0340,1269.84,03,13.98,00,0,01,4.66,00,0,02,9.32,9B,3.94,079D,292.62,B2,6.82
1197.8,0763,-21.67,0770,-23.11,0757,-20.34,073F,-17.67,0779,-24.11,035E,1315.63,0337,1256.11,0340,1269.84,0356,1303.42,0340,1269.84,03,13.98,00,0,01,4.66,00,0,02,9.32,9B,3.94,079E,289.69,B2,6.82
1209.1,0765,-21.89,0771,-23.22,0757,-20.34,073F,-17.67,077A,-24.22,035E,1315.63,0337,1256.11,0340,1269.84,0356,1303.42,0340,1269.84,03,13.98,00,0,01,4.66,00,0,02,9.32,9B,3.94,079F,286.77,B2,6.82
1220.4,0767,-22.11,0773,-23.44,0759,-20.56,0740,-17.78,077B,-24.33,035E,1315.63,0337,1256.11,033F,1268.32,0356,1303.42,0340,1269.84,03,13.98,00,0,01,4.66,00,0,02,9.32,9B,3.94,079B,298.48,B2,6.82
1231.7,0769,-22.33,0775,-23.67,075B,-20.78,073F,-17.67,077C,-24.44,035E,1315.63,0337,1256.11,033F,1268.32,0357,1304.95,0340,1269.84,03,13.98,00,0,01,4.66,00,0,02,9.32,9B,3.94,079C,295.55,B2,6.82
1243,076A,-22.44,0779,-24.11,075E,-21.11,0740,-17.78,077D,-24.55,035E,1315.63,0338,1257.63,0340,1269.84,0357,1304.95,0340,1269.84,03,13.98,00,0,01,4.66,00,0,02,9.32,9B,3.94,07A3,275.05,B2,6.82
1254.3,076A,-22.44,0778,-24,075D,-21,0742,-18.01,077F,-24.78,035E,1315.63,0338,1257.63,0340,1269.84,0356,1303.42,0341,1271.37,03,13.98,00,0,01,4.66,00,0,02,9.32,9B,3.94,0793,321.91,B2,6.82
1265.6,076A,-22.44,077A,-24.22,075E,-21.11,0741,-17.9,077F,-24.78,035E,1315.63,0337,1256.11,0340,1269.84,0356,1303.42,0340,1269.84,03,13.98,00,0,01,4.66,00,0,01,4.66,9B,3.94,079A,301.41,B2,6.82
1276.9,076B,-22.56,077B,-24.33,075D,-21,0741,-17.9,0780,-24.89,035E,1315.63,0337,1256.11,033F,1268.32,0356,1303.42,0341,1271.37,03,13.98,00,0,01,4.66,00,0,02,9.32,9B,3.94,079C,295.55,B2,6.82
1288.2,076B,-22.56,077B,-24.33,075D,-21,0745,-18.34,0782,-25.11,035E,1315.63,0337,1256.11,0340,1269.84,0356,1303.42,0340,1269.84,03,13.98,00,0,01,4.66,00,0,02,9.32,9B,3.94,079A,301.41,B2,6.82
1299.5,076C,-22.67,077C,-24.44,075C,-20.89,0745,-18.34,0784,-25.33,035E,1315.63,0337,1256.11,033F,1268.32,0356,1303.42,0340,1269.84,03,13.98,00,0,01,4.66,00,0,02,9.32,9B,3.94,0798,307.26,B2,6.82
1310.8,076E,-22.89,077D,-24.55,075D,-21,0747,-18.56,0786,-25.55,035E,1315.63,0338,1257.63,033F,1268.32,0356,1303.42,0340,1269.84,03,13.98,00,0,01,4.66,00,0,02,9.32,9B,3.94,079A,301.41,B2,6.82
1322.1,0771,-23.22,077E,-24.66,075F,-21.22,0746,-18.45,0787,-25.66,035E,1315.63,0338,1257.63,0340,1269.84,0356,1303.42,0340,1269.84,03,13.98,00,0,01,4.66,00,0,02,9.32,9B,3.94,079A,301.41,B2,6.82
1333.4,0773,-23.44,077F,-24.78,0760,-21.34,0746,-18.45,0787,-25.66,035E,1315.63,0337,1256.11,033F,1268.32,0356,1303.42,0340,1269.84,03,13.98,00,0,01,4.66,00,0,02,9.32,9B,3.94,079B,298.48,B3,6.43
1344.7,0776,-23.78,0782,-25.11,0763,-21.67,0747,-18.56,0788,-25.77,035E,1315.63,0337,1256.11,0340,1269.84,0356,1303.42,0340,1269.84,03,13.98,00,0,01,4.66,00,0,02,9.32,9B,3.94,077C,389.26,B3,6.43
1356,0775,-23.67,0783,-25.22,0762,-21.56,0745,-18.34,0789,-25.89,035E,1315.63,0338,1257.63,0340,1269.84,0356,1303.42,0341,1271.37,03,13.98,00,0,01,4.66,00,0,02,9.32,9B,3.94,07A3,275.05,B3,6.43
1367.3,0777,-23.89,0785,-25.44,0763,-21.67,0746,-18.45,078B,-26.11,035E,1315.63,0337,1256.11,033F,1268.32,0356,1303.42,0341,1271.37,03,13.98,00,0,01,4.66,00,0,02,9.32,9B,3.94,079B,298.48,B3,6.43
1378.6,0776,-23.78,0788,-25.77,0763,-21.67,0746,-18.45,078C,-26.22,035E,1315.63,0338,1257.63,0340,1269.84,0356,1303.42,0341,1271.37,03,13.98,00,0,01,4.66,00,0,02,9.32,9B,3.94,079B,298.48,B3,6.43
1389.9,0776,-23.78,0787,-25.66,0761,-21.45,0748,-18.67,078E,-26.44,035E,1315.63,0337,1256.11,033F,1268.32,0356,1303.42,0340,1269.84,03,13.98,00,0,01,4.66,00,0,02,9.32,9A,3.92,0798,307.26,B3,6.43
1401.2,0776,-23.78,0787,-25.66,0760,-21.34,074A,-18.89,078F,-26.55,035E,1315.63,0337,1256.11,0340,1269.84,0356,1303.42,0340,1269.84,03,13.98,00,0,01,4.66,00,0,01,4.66,9B,3.94,079B,298.48,B3,6.43
1412.5,0778,-24,0787,-25.66,0761,-21.45,074B,-19,0790,-26.66,035E,1315.63,0337,1256.11,033F,1268.32,0356,1303.42,0341,1271.37,03,13.98,00,0,01,4.66,00,0,01,4.66,9A,3.92,0799,304.34,B3,6.43
1423.8,0779,-24.11,0788,-25.77,0761,-21.45,074C,-19.12,0791,-26.77,035E,1315.63,0337,1256.11,033F,1268.32,0356,1303.42,0340,1269.84,03,13.98,00,0,01,4.66,00,0,02,9.32,9B,3.94,0799,304.34,B3,6.43
1435.1,077B,-24.33,0788,-25.77,0762,-21.56,074D,-19.23,0793,-26.99,035E,1315.63,0337,1256.11,033F,1268.32,0356,1303.42,0340,1269.84,03,13.98,00,0,01,4.66,00,0,02,9.32,9B,3.94,079A,301.41,B3,6.43
1446.4,077D,-24.55,0789,-25.89,0762,-21.56,074D,-19.23,0794,-27.11,035E,1315.63,0338,1257.63,033F,1268.32,0356,1303.42,0341,1271.37,03,13.98,00,0,01,4.66,00,0,02,9.32,9B,3.94,079B,298.48,B3,6.43
1457.7,077F,-24.78,078C,-26.22,0765,-21.89,074D,-19.23,0795,-27.22,035E,1315.63,0337,1256.11,033F,1268.32,0356,1303.42,0340,1269.84,03,13.98,00,0,01,4.66,00,0,02,9.32,9B,3.94,079D,292.62,B3,6.43
1469,0781,-25,078E,-26.44,0766,-22,074C,-19.12,0797,-27.44,035E,1315.63,0337,1256.11,033F,1268.32,0357,1304.95,0341,1271.37,03,13.98,00,0,01,4.66,00,0,02,9.32,9B,3.94,07A3,275.05,B3,6.43
1480.3,0780,-24.89,078E,-26.44,0765,-21.89,074B,-19,0797,-27.44,035E,1315.63,0337,1256.11,0340,1269.84,0356,1303.42,0341,1271.37,03,13.98,00,0,01,4.66,00,0,02,9.32,9A,3.92,0799,304.34,B3,6.43
1491.6,077F,-24.78,0790,-26.66,0765,-21.89,074C,-19.12,0798,-27.55,035E,1315.63,0336,1254.58,033F,1268.32,0356,1303.42,0341,1271.37,03,13.98,00,0,01,4.66,00,0,02,9.32,9B,3.94,079A,301.41,B3,6.43
1502.9,077F,-24.78,0791,-26.77,0764,-21.78,074D,-19.23,079A,-27.77,035E,1315.63,0338,1257.63,0340,1269.84,0356,1303.42,0341,1271.37,03,13.98,00,0,01,4.66,00,0,01,4.66,9A,3.92,079C,295.55,B3,6.43
1514.2,077E,-24.66,0791,-26.77,0765,-21.89,074E,-19.34,079B,-27.88,035E,1315.63,0337,1256.11,0340,1269.84,0356,1303.42,0340,1269.84,03,13.98,00,0,01,4.66,00,0,02,9.32,9A,3.92,079B,298.48,B4,6.05
1525.5,077F,-24.78,0791,-26.77,0762,-21.56,074F,-19.45,079C,-27.99,035E,1315.63,0338,1257.63,033F,1268.32,0356,1303.42,0340,1269.84,03,13.98,00,0,01,4.66,00,0,02,9.32,9A,3.92,079D,292.62,B4,6.05
1536.8,077F,-24.78,0791,-26.77,0763,-21.67,0751,-19.67,079E,-28.22,035E,1315.63,0337,1256.11,033F,1268.32,0356,1303.42,0340,1269.84,03,13.98,00,0,01,4.66,00,0,02,9.32,9A,3.92,079B,298.48,B4,6.05
1548.1,0781,-25,0792,-26.88,0762,-21.56,0751,-19.67,079E,-28.22,035E,1315.63,0338,1257.63,033F,1268.32,0356,1303.42,0340,1269.84,03,13.98,00,0,01,4.66,00,0,01,4.66,9A,3.92,079B,298.48,B4,6.05
1559.4,0784,-25.33,0793,-26.99,0764,-21.78,0753,-19.89,07A0,-28.44,035E,1315.63,0337,1256.11,0340,1269.84,0356,1303.42,0340,1269.84,03,13.98,00,0,01,4.66,00,0,02,9.32,9A,3.92,07A2,277.98,B4,6.05
1570.7,0786,-25.55,0795,-27.22,0765,-21.89,0750,-19.56,07A0,-28.44,035E,1315.63,0337,1256.11,0340,1269.84,0356,1303.42,0340,1269.84,03,13.98,00,0,01,4.66,00,0,02,9.32,9A,3.92,0791,327.76,B4,6.05
1582,0787,-25.66,0798,-27.55,0767,-22.11,0750,-19.56,07A1,-28.55,035F,1317.16,0338,1257.63,0340,1269.84,0356,1303.42,0340,1269.84,03,13.98,00,0,01,4.66,00,0,02,9.32,9A,3.92,0795,316.05,B4,6.05
1593.3,0786,-25.55,0798,-27.55,0767,-22.11,074E,-19.34,07A2,-28.66,035F,1317.16,0338,1257.63,0340,1269.84,0356,1303.42,0341,1271.37,03,13.98,00,0,01,4.66,00,0,02,9.32,9A,3.92,079C,295.55,B4,6.05
1604.6,0786,-25.55,079A,-27.77,0768,-22.22,074F,-19.45,07A3,-28.77,035F,1317.16,0338,1257.63,0341,1271.37,0356,1303.42,0340,1269.84,03,13.98,00,0,01,4.66,00,0,01,4.66,9A,3.92,079D,292.62,B4,6.05
1615.9,0786,-25.55,079B,-27.88,0769,-22.33,074F,-19.45,07A4,-28.88,035E,1315.63,0339,1259.16,0343,1274.42,0356,1303.42,0340,1269.84,03,13.98,00,0,01,4.66,00,0,02,9.32,9A,3.92,079A,301.41,B4,6.05
1627.2,0786,-25.55,079C,-27.99,0767,-22.11,0750,-19.56,07A5,-28.99,035E,1315.63,0339,1259.16,0342,1272.89,0356,1303.42,0341,1271.37,03,13.98,00,0,01,4.66,00,0,02,9.32,9A,3.92,079C,295.55,B4,6.05
1638.5,0786,-25.55,079B,-27.88,0765,-21.89,0751,-19.67,07A5,-28.99,035E,1315.63,0338,1257.63,033F,1268.32,0358,1306.47,0340,1269.84,03,13.98,00,0,01,4.66,00,0,02,9.32,9A,3.92,079A,301.41,B4,6.05
1649.8,0789,-25.89,079D,-28.1,0765,-21.89,0753,-19.89,07A7,-29.21,035E,1315.63,0337,1256.11,033F,1268.32,0360,1318.68,0343,1274.42,03,13.98,00,0,01,4.66,00,0,02,9.32,9A,3.92,0799,304.34,B4,6.05
1661.1,078A,-26,079C,-27.99,0765,-21.89,0755,-20.11,07A8,-29.33,035E,1315.63,0338,1257.63,033F,1268.32,036F,1341.58,034C,1288.16,03,13.98,00,0,01,4.66,00,0,02,9.32,9A,3.92,079A,301.41,B4,6.05
1672.4,078B,-26.11,079F,-28.33,0766,-22,0755,-20.11,07A9,-29.44,0370,1343.1,0338,1257.63,0340,1269.84,0388,1379.73,034E,1291.21,03,13.98,00,0,01,4.66,00,0,02,9.32,9A,3.92,07A0,283.84,B4,6.05
1683.7,078C,-26.22,079F,-28.33,0765,-21.89,0754,-20,07AA,-29.55,038A,1382.78,0338,1257.63,0342,1272.89,038C,1385.84,0349,1283.58,03,13.98,00,0,01,4.66,00,0,02,9.32,9A,3.92,077D,386.33,B4,6.05
1695,078E,-26.44,07A1,-28.55,0769,-22.33,0753,-19.89,07AA,-29.55,09BB,3801.89,0339,1259.16,06EC,2704.52,0552,2078.75,0342,1272.89,03,13.98,00,0,01,4.66,00,0,02,9.32,9A,3.92,079B,298.48,B4,6.05
1706.3,078D,-26.33,07A1,-28.55,0769,-22.33,0753,-19.89,07AA,-29.55,0BCB,4607.75,0BA5,4549.76,0BB9,4580.28,0359,1308,0344,1275.95,07,32.63,00,0,03,13.98,00,0,01,4.66,9A,3.92,07A1,280.91,B5,5.67
1717.6,0785,-25.44,079C,-27.99,075A,-20.67,074D,-19.23,07AC,-29.77,0BFA,4679.49,0BF9,4677.96,0C00,4688.64,035A,1309.52,034B,1286.63,1C,130.51,29,191.11,37,256.36,00,0,01,4.66,9E,4.02,0872,-331.12,B5,5.67
1728.9,0780,-24.89,078F,-26.55,0747,-18.56,074E,-19.34,07AD,-29.88,0380,1367.52,0BFB,4681.01,0C05,4696.28,0359,1308,03BC,1459.1,03,13.98,48,335.6,41,302.97,00,0,01,4.66,9E,4.02,088C,-407.26,B5,5.67
1740.2,0781,-25,0782,-25.11,073E,-17.56,0750,-19.56,07AE,-29.99,0361,1320.21,0C02,4691.7,0BF6,4673.38,0359,1308,05E8,2307.69,02,9.32,3B,275,24,167.8,00,0,01,4.66,9D,3.99,0841,-187.63,B5,5.67
1751.5,0782,-25.11,0779,-24.11,0742,-18.01,0754,-20,07AF,-30.1,0361,1320.21,0BFD,4684.07,0BCF,4613.86,0364,1324.79,08F1,3493.59,03,13.98,16,102.54,02,9.32,00,0,01,4.66,9B,3.94,07C1,187.2,B5,5.67
1762.8,0784,-25.33,0778,-24,0747,-18.56,0756,-20.23,07AF,-30.1,0361,1320.21,0361,1320.21,03D6,1498.78,0BE0,4639.8,0BF2,4667.28,03,13.98,00,0,01,4.66,0F,69.92,10,74.58,9B,3.94,07CD,152.06,B5,5.67
1774.1,0784,-25.33,0777,-23.89,0749,-18.78,074F,-19.45,07AB,-29.66,0361,1320.21,034B,1286.63,038C,1385.84,0BFA,4679.49,0BF8,4676.43,03,13.98,00,0,01,4.66,3F,293.65,24,167.8,9D,3.99,0846,-202.27,B5,5.67
1785.4,0786,-25.55,077B,-24.33,074C,-19.12,073B,-17.23,07A0,-28.44,0BC1,4592.49,0345,1277.47,0356,1303.42,0C03,4693.22,0BFD,4684.07,04,18.64,00,0,01,4.66,5E,438.14,24,167.8,9E,4.02,086C,-313.55,B5,5.67
1796.7,0783,-25.22,077B,-24.33,074E,-19.34,072A,-15.34,079A,-27.77,0C0C,4706.96,0342,1272.89,03B7,1451.47,0C01,4690.17,0BF3,4668.8,3C,279.67,00,0,01,4.66,50,372.89,10,74.58,9F,4.04,0887,-392.61,B5,5.67
1808,0779,-24.11,077F,-24.78,0751,-19.67,0720,-14.23,0798,-27.55,0C10,4713.06,0343,1274.42,0BCA,4606.23,0BF7,4674.91,0419,1601.04,65,470.77,00,0,02,9.32,1E,139.83,01,4.66,9E,4.02,0872,-331.12,B5,5.67
1819.3,0767,-22.11,0780,-24.89,074D,-19.23,071F,-14.12,0799,-27.66,0C05,4696.28,0BEA,4655.07,0BF1,4665.75,03AD,1436.2,035D,1314.1,64,466.11,0C,55.93,1A,121.19,00,0,01,4.66,9F,4.04,0883,-380.9,B5,5.67
1830.6,0755,-20.11,0779,-24.11,0741,-17.9,0722,-14.45,0799,-27.66,0C0A,4703.91,0C01,4690.17,0BFF,4687.12,035B,1311.05,0372,1346.15,42,307.63,40,298.31,2B,200.43,00,0,01,4.66,A0,4.07,08BE,-553.67,B5,5.67
1841.9,074A,-18.89,076C,-22.67,0737,-16.79,0728,-15.12,079B,-27.88,0BD6,4624.54,0C08,4700.85,0BF8,4676.43,035A,1309.52,0394,1398.05,06,27.97,59,414.84,2E,214.41,00,0,01,4.66,A0,4.07,088C,-407.26,B5,5.67
1853.2,0748,-18.67,075C,-20.89,0730,-16.01,072B,-15.45,079C,-27.99,0398,1404.15,0BFC,4682.54,0BEF,4662.7,035A,1309.52,05C0,2246.64,03,13.98,4F,368.23,1E,139.83,00,0,01,4.66,9F,4.04,0858,-254.98,B5,5.67
1864.5,074D,-19.23,0750,-19.56,0732,-16.23,0731,-16.12,079D,-28.1,0362,1321.73,0BF7,4674.91,0BCC,4609.28,0398,1404.15,064B,2458.79,03,13.98,2C,205.09,04,18.64,00,0,01,4.66,9D,3.99,07EF,52.5,B5,5.67
1875.8,074F,-19.45,074C,-19.12,0738,-16.9,0738,-16.9,079E,-28.22,0361,1320.21,0B70,4468.86,03CA,1480.46,0BA6,4551.28,0BDE,4636.75,03,13.98,00,0,01,4.66,00,0,0C,55.93,9C,3.97,07AD,245.77,B5,5.67
1887.1,0751,-19.67,074F,-19.45,073B,-17.23,0736,-16.67,079B,-27.88,0360,1318.68,039C,1410.26,0393,1396.52,0BF5,4671.86,0BF4,4670.33,03,13.98,00,0,01,4.66,2E,214.41,25,172.46,9E,4.02,0837,-158.34,B5,5.67
1898.4,0753,-19.89,0750,-19.56,073C,-17.34,0726,-14.9,078F,-26.55,047E,1755.19,0351,1295.79,036F,1341.58,0C03,4693.22,0C02,4691.7,02,9.32,00,0,01,4.66,52,382.21,39,265.68,9F,4.04,0884,-383.83,B5,5.67
1909.7,074F,-19.45,0753,-19.89,073E,-17.56,0718,-13.35,0782,-25.11,0C00,4688.64,0348,1282.05,03DF,1512.52,0C0B,4705.43,0C09,4702.38,2F,219.07,00,0,01,4.66,4A,344.92,33,237.72,A0,4.07,08C4,-571.24,B5,5.67
1921,074E,-19.34,0758,-20.45,0740,-17.78,070D,-12.12,0779,-24.11,0C0C,4706.96,0348,1282.05,0A9F,4149.88,0BF5,4671.86,0BF9,4677.96,5F,442.8,00,0,01,4.66,22,158.48,1D,135.17,A1,4.1,089E,-459.97,B5,5.67
1932.3,0740,-17.78,075C,-20.89,0741,-17.9,070E,-12.24,0775,-23.67,0C09,4702.38,0BDA,4630.65,0B9F,4540.6,0B98,4529.91,0BC2,4594.02,6C,503.4,05,23.31,01,4.66,00,0,02,9.32,9F,4.04,085B,-263.77,B5,5.67
1943.6,072D,-15.68,0758,-20.45,073F,-17.67,0710,-12.46,0776,-23.78,0C12,4716.12,0C09,4702.38,0BEE,4661.17,040C,1581.2,0540,2051.28,56,400.85,3A,270.34,10,74.58,00,0,01,4.66,A1,4.1,08AE,-506.82,B6,5.28
1954.9,071F,-14.12,074B,-19,0738,-16.9,0714,-12.9,0777,-23.89,0BF5,4671.86,0C0C,4706.96,0BFD,4684.07,0369,1332.42,039B,1408.73,1F,144.49,5B,424.16,23,163.14,00,0,01,4.66,A1,4.1,08A5,-480.46,B5,5.67
1966.2,071D,-13.9,073B,-17.23,0730,-16.01,0718,-13.35,0779,-24.11,0BA2,4545.18,0C0A,4703.91,0BF3,4668.8,037E,1364.47,048D,1778.08,03,13.98,5A,419.5,20,149.16,00,0,01,4.66,A0,4.07,0874,-336.97,B5,5.67
1977.5,071F,-14.12,072D,-15.68,072E,-15.79,071E,-14.01,077B,-24.33,0479,1747.56,0BFD,4684.07,0BD7,4626.07,063D,2437.42,0609,2358.06,02,9.32,43,312.29,08,37.29,00,0,01,4.66,9E,4.02,0820,-90.99,B6,5.28
1988.8,0722,-14.45,0726,-14.9,0732,-16.23,0722,-14.45,077D,-24.55,036B,1335.47,0BF0,4664.22,0BB0,4566.54,0B94,4523.81,0BE0,4639.8,03,13.98,15,97.88,01,4.66,00,0,0E,65.26,9D,3.99,07D9,116.92,B5,5.67
2000.1,0729,-15.23,0728,-15.12,0735,-16.56,0724,-14.68,0776,-23.78,0370,1343.1,0B76,4478.02,0B73,4473.44,0BEF,4662.7,0BFF,4687.12,03,13.98,00,0,01,4.66,1B,125.85,3C,279.67,9E,4.02,0821,-93.92,B5,5.67
2011.4,072D,-15.68,072C,-15.56,0737,-16.79,071E,-14.01,0769,-22.33,0705,2742.67,03FA,1553.72,0B1A,4337.61,0BFF,4687.12,0C0A,4703.91,02,9.32,00,0,01,4.66,38,261.02,50,372.89,A0,4.07,0893,-427.75,B6,5.28
2022.7,0731,-16.12,0731,-16.12,0739,-17.01,0714,-12.9,0757,-20.34,0BFD,4684.07,0352,1297.31,0B84,4499.39,0BFC,4682.54,0C0A,4703.91,1E,139.83,00,0,01,4.66,3B,275,4E,363.57,A1,4.1,08B6,-530.25,B6,5.28
2034,072B,-15.45,0735,-16.56,073B,-17.23,070A,-11.79,0746,-18.45,0C08,4700.85,034D,1289.68,0BB1,4568.07,0BF8,4676.43,0C02,4691.7,5B,424.16,00,0,01,4.66,1B,125.85,31,228.39,A1,4.1,08B2,-518.53,B6,5.28
2045.3,071F,-14.12,0739,-17.01,073D,-17.45,0708,-11.57,073F,-17.67,0C0C,4706.96,0BD7,4626.07,0BC1,4592.49,0BCA,4606.23,0BE2,4642.86,6F,517.38,05,23.31,01,4.66,02,9.32,0C,55.93,A0,4.07,086F,-322.33,B6,5.28
2056.6,070D,-12.12,0731,-16.12,073B,-17.23,0708,-11.57,0740,-17.78,0C04,4694.75,0BFC,4682.54,0BE3,4644.38,0BBF,4589.44,0BA6,4551.28,60,447.47,36,251.7,0A,46.61,00,0,01,4.66,A1,4.1,08A6,-483.39,B6,5.28
2067.9,06FF,-10.57,072B,-15.45,0736,-16.67,0700,-10.68,0742,-18.01,0C03,4693.22,0C09,4702.38,0BF9,4677.96,0BA9,4555.86,0535,2034.49,31,228.39,59,414.84,1E,139.83,00,0,01,4.66,A2,4.12,08B6,-530.25,B6,5.28
2079.2,06FA,-10.02,071D,-13.9,072D,-15.68,070E,-12.24,0746,-18.45,0BCF,4613.86,0C0D,4708.49,0BF5,4671.86,0B96,4526.86,03FE,1559.83,05,23.31,67,480.09,1B,125.85,00,0,01,4.66,A1,4.1,0882,-377.97,B6,5.28
2090.5,06F9,-9.91,0713,-12.79,072C,-15.56,0711,-12.57,0748,-18.67,0BBC,4584.86,0C01,4690.17,0BE6,4648.96,0B99,4531.44,05B1,2223.75,04,18.64,5D,433.48,0D,60.59,00,0,01,4.66,A0,4.07,0857,-252.05,B6,5.28
2101.8,0702,-10.9,0703,-11.01,072E,-15.79,0717,-13.23,074B,-19,0B83,4497.86,0BFE,4685.59,0BD1,4616.91,0BB8,4578.75,0BEE,4661.17,03,13.98,39,265.68,05,23.31,00,0,19,116.53,9F,4.04,0832,-143.7,B5,5.67
2113.1,070A,-11.79,0700,-10.68,0733,-16.34,071D,-13.9,0743,-18.12,03F7,1549.15,0BC3,4595.54,0BC8,4603.17,0BC9,4604.7,0C00,4688.64,03,13.98,01,4.66,02,9.32,03,13.98,47,330.94,9F,4.04,0819,-70.49,B6,5.28
2124.4,070E,-12.24,0704,-11.13,0734,-16.45,071B,-13.68,0733,-16.34,0442,1663.61,0BB4,4572.65,0BC5,4598.6,0BF2,4667.28,0C0D,4708.49,02,9.32,00,0,02,9.32,20,149.16,5B,424.16,A0,4.07,0877,-345.76,B6,5.28
2135.7,0713,-12.79,0709,-11.68,0735,-16.56,0714,-12.9,0721,-14.34,0BF0,4664.22,0A76,4087.3,0BC7,4601.65,0BFE,4685.59,0C0B,4705.43,11,79.24,00,0,02,9.32,33,237.72,59,414.84,A1,4.1,08A5,-480.46,B6,5.28
2147,0711,-12.57,070E,-12.24,0735,-16.56,070B,-11.9,0710,-12.46,0C07,4699.33,035E,1315.63,0BCC,4609.28,0BFC,4682.54,0C0E,4710.01,49,340.26,00,0,02,9.32,2A,195.77,44,316.95,A2,4.12,08CF,-603.46,B5,5.67
2158.3,0709,-11.68,0713,-12.79,0737,-16.79,0705,-11.24,0706,-11.35,0C12,4716.12,03C5,1472.83,0BCD,4610.81,0BE3,4644.38,0C00,4688.64,6B,498.74,00,0,03,13.98,0B,51.27,23,163.14,A1,4.1,089A,-448.25,B6,5.28
2169.6,06F9,-9.91,0715,-13.01,0737,-16.79,0703,-11.01,0704,-11.13,0C12,4716.12,0BF3,4668.8,0BD8,4627.59,0BD8,4627.59,0BD4,4621.49,6D,508.06,1D,135.17,05,23.31,06,27.97,04,18.64,A2,4.12,0899,-445.32,B5,5.67
2180.9,06E8,-8.02,0711,-12.57,0735,-16.56,0705,-11.24,0707,-11.46,0C0F,4711.54,0C08,4700.85,0BE8,4652.01,0BDA,4630.65,0BAB,4558.91,52,382.21,4B,349.58,0B,51.27,03,13.98,01,4.66,A2,4.12,08BA,-541.96,B6,5.28
2192.2,06DF,-7.02,0702,-10.9,0732,-16.23,0708,-11.57,070C,-12.01,0BF7,4674.91,0C0D,4708.49,0BE7,4650.49,0BCD,4610.81,0559,2089.44,1E,139.83,67,480.09,0D,60.59,02,9.32,01,4.66,A2,4.12,088F,-416.04,B5,5.67
2203.5,06DD,-6.8,06F3,-9.24,0730,-16.01,070B,-11.9,0711,-12.57,0BD7,4626.07,0C03,4693.22,0BE7,4650.49,0BC5,4598.6,0BD4,4621.49,06,27.97,6A,494.08,0A,46.61,01,4.66,05,23.31,A1,4.1,0876,-342.83,B5,5.67
2214.8,06E4,-7.57,06DF,-7.02,0730,-16.01,0711,-12.57,0711,-12.57,0BC4,4597.07,0C06,4697.8,0BE0,4639.8,0BC3,4595.54,0BFF,4687.12,04,18.64,46,326.28,07,32.63,01,4.66,2F,219.07,A1,4.1,085B,-263.77,B5,5.67
2226.1,06EA,-8.24,06DB,-6.58,0730,-16.01,0716,-13.12,0709,-11.68,0BA4,4548.23,0BED,4659.65,0BD8,4627.59,0BC9,4604.7,0C07,4699.33,03,13.98,16,102.54,05,23.31,01,4.66,49,340.26,A1,4.1,085B,-263.77,B5,5.67
2237.4,06F1,-9.02,06DD,-6.8,0730,-16.01,0718,-13.35,06FC,-10.24,053A,2042.12,0BC8,4603.17,0BD0,4615.38,0BDF,4638.28,0C05,4696.28,03,13.98,02,9.32,04,18.64,0B,51.27,5A,419.5,A1,4.1,084A,-213.98,B5,5.67
2248.7,06F5,-9.46,06E1,-7.24,0732,-16.23,0713,-12.79,06EA,-8.24,0BA4,4548.23,0BBE,4587.91,0BD3,4619.96,0BF7,4674.91,0C0D,4708.49,03,13.98,00,0,04,18.64,29,191.11,5B,424.16,A2,4.12,0885,-386.76,B5,5.67
2260,06F8,-9.79,06E7,-7.91,0733,-16.34,070A,-11.79,06D6,-6.02,0C03,4693.22,0B68,4456.65,0BD8,4627.59,0BF9,4677.96,0C0C,4706.96,39,265.68,00,0,03,13.98,2C,205.09,4E,363.57,A3,4.15,08C9,-585.89,B5,5.67
2271.3,06F3,-9.24,06EF,-8.8,0733,-16.34,0703,-11.01,06CB,-4.8,0C0A,4703.91,0361,1320.21,0BD6,4624.54,0BF2,4667.28,0C08,4700.85,5E,438.14,00,0,03,13.98,14,93.22,37,256.36,A3,4.15,08B3,-521.46,B5,5.67
2282.6,06E6,-7.8,06F2,-9.13,0734,-16.45,0701,-10.79,06C5,-4.13,0C0E,4710.01,0BF0,4664.22,0BD5,4623.02,0BE4,4645.91,0BF9,4677.96,6C,503.4,0F,69.92,04,18.64,0A,46.61,1E,139.83,A3,4.15,08A8,-489.25,B5,5.67
2293.9,06DB,-6.58,06F2,-9.13,0733,-16.34,0700,-10.68,06C4,-4.02,0C05,4696.28,0BFA,4679.49,0BDC,4633.7,0BE7,4650.49,0BEE,4661.17,67,480.09,2D,209.75,05,23.31,09,41.95,12,83.9,A3,4.15,08BE,-553.67,B5,5.67
2305.2,06C9,-4.58,06E8,-8.02,0733,-16.34,0701,-10.79,06C8,-4.47,0C03,4693.22,0C0E,4710.01,0BDF,4638.28,0BDE,4636.75,0BE8,4652.01,3C,279.67,5D,433.48,08,37.29,05,23.31,0A,46.61,A3,4.15,08B9,-539.03,B5,5.67
2316.5,06C5,-4.13,06DA,-6.46,0732,-16.23,0703,-11.01,06CB,-4.8,0BEC,4658.12,0C0C,4706.96,0BD8,4627.59,0BCA,4606.23,0BED,4659.65,0C,55.93,6A,494.08,0A,46.61,03,13.98,15,97.88,A3,4.15,0897,-439.47,B5,5.67
2327.8,06C7,-4.36,06C5,-4.13,072E,-15.79,0708,-11.57,06CB,-4.8,0BD6,4624.54,0C03,4693.22,0BE1,4641.33,0BC4,4597.07,0BFC,4682.54,07,32.63,55,396.19,0B,51.27,01,4.66,31,228.39,A3,4.15,088A,-401.4,B5,5.67
2339.1,06CD,-5.02,06BF,-3.47,072F,-15.9,070C,-12.01,06C5,-4.13,0BC5,4598.6,0BFB,4681.01,0BDE,4636.75,0BBD,4586.39,0C06,4697.8,04,18.64,2D,209.75,09,41.95,00,0,47,330.94,A2,4.12,0872,-331.12,B5,5.67
2350.4,06D5,-5.91,06BE,-3.36,072D,-15.68,0712,-12.68,06BA,-2.91,0BAB,4558.91,0BDD,4635.23,0BD7,4626.07,0BC6,4600.12,0C04,4694.75,03,13.98,06,27.97,08,37.29,01,4.66,53,386.87,A1,4.1,0851,-234.48,B5,5.67
2361.7,06DA,-6.46,06C1,-3.69,072C,-15.56,0712,-12.68,06AC,-1.36,078F,2953.3,0BD5,4623.02,0BD4,4621.49,0BEF,4662.7,0C05,4696.28,03,13.98,03,13.98,06,27.97,1B,125.85,56,400.85,A2,4.12,0870,-325.26,B5,5.67
2373,06DE,-6.91,06C6,-4.25,072C,-15.56,070B,-11.9,069D,0.3,0BF0,4664.22,0BC3,4595.54,0BDB,4632.17,0BFD,4684.07,0C02,4691.7,16,102.54,01,4.66,05,23.31,2B,200.43,54,391.53,A3,4.15,08A2,-471.68,B5,5.67
2384.3,06DF,-7.02,06CC,-4.91,072D,-15.68,0705,-11.24,068D,2.08,0C08,4700.85,0B79,4482.6,0BDA,4630.65,0BF8,4676.43,0C02,4691.7,44,316.95,00,0,04,18.64,21,153.82,49,340.26,A4,4.17,08C2,-565.39,B5,5.67
2395.6,06D8,-6.24,06D3,-5.69,072D,-15.68,06FF,-10.57,0683,3.19,0C13,4717.64,0BC1,4592.49,0BDA,4630.65,0BED,4659.65,0C02,4691.7,5F,442.8,00,0,06,27.97,0F,69.92,39,265.68,A3,4.15,08B6,-530.25,B5,5.67
2406.9,06CB,-4.8,06D5,-5.91,072C,-15.56,06FD,-10.35,067F,3.63,0D29,5141.94,0D18,5116,0CF8,5067.16,0D06,5088.52,0D11,5105.31,5E,438.14,27,181.78,06,27.97,0C,55.93,1B,125.85,A4,4.17,08DB,-638.6,B5,5.67
2418.2,06BE,-3.36,06D1,-5.47,072B,-15.45,06FC,-10.24,067F,3.63,0D66,5235.04,0D6B,5242.67,0D41,5178.57,0D35,5160.26,0D50,5201.47,42,307.63,4A,344.92,08,37.29,07,32.63,11,79.24,A4,4.17,08D5,-621.03,B5,5.67
2429.5,06B6,-2.47,06C6,-4.25,072A,-15.34,06FD,-10.35,0680,3.52,0BF7,4674.91,0C0A,4703.91,0BE4,4645.91,0BDD,4635.23,0BF7,4674.91,1B,125.85,63,461.45,0C,55.93,06,27.97,1C,130.51,A4,4.17,08BB,-544.89,B5,5.67
2440.8,06B7,-2.58,06B4,-2.25,0729,-15.23,0701,-10.79,0681,3.41,0BE3,4644.38,0C09,4702.38,0BE2,4642.86,0BD9,4629.12,0BFA,4679.49,0B,51.27,5A,419.5,0E,65.26,03,13.98,2E,214.41,A4,4.17,08A5,-480.46,B5,5.67
2452.1,06B9,-2.8,06A9,-1.03,0727,-15.01,0704,-11.13,067F,3.63,0BD9,4629.12,0C05,4696.28,0BE5,4647.44,0BCA,4606.23,0C09,4702.38,08,37.29,3B,275,0E,65.26,01,4.66,3F,293.65,A4,4.17,087D,-363.33,B5,5.67
2463.4,06C0,-3.58,06A7,-0.81,0726,-14.9,0708,-11.57,0678,4.41,0BC8,4603.17,0BEA,4655.07,0BDE,4636.75,0BC1,4592.49,0C02,4691.7,05,23.31,0F,69.92,0D,60.59,02,9.32,4B,349.58,A3,4.15,0857,-252.05,B4,6.05
2474.7,06C6,-4.25,06A9,-1.03,0725,-14.79,070B,-11.9,066C,5.74,0BAB,4558.91,0BDA,4630.65,0BDE,4636.75,0BE1,4641.33,0C03,4693.22,03,13.98,06,27.97,0B,51.27,0D,60.59,50,372.89,A3,4.15,085C,-266.69,B5,5.67
2486,06CC,-4.91,06AF,-1.69,0723,-14.57,0708,-11.57,065C,7.52,0BDF,4638.28,0BD3,4619.96,0BDA,4630.65,0BF1,4665.75,0C01,4690.17,0B,51.27,02,9.32,0A,46.61,20,149.16,4F,368.23,A3,4.15,0884,-383.83,B5,5.67
2497.3,06CE,-5.13,06B2,-2.03,0723,-14.57,0704,-11.13,0652,8.63,0BF8,4676.43,0BC7,4601.65,0BE2,4642.86,0BF1,4665.75,0C0D,4708.49,29,191.11,00,0,08,37.29,1E,139.83,4C,354.24,A4,4.17,08A1,-468.75,B4,6.05
2508.6,06CE,-5.13,06BB,-3.02,0724,-14.68,0700,-10.68,0645,10.07,0C01,4690.17,0B9A,4532.97,0BDC,4633.7,0BDE,4636.75,0C03,4693.22,55,396.19,00,0,07,32.63,0B,51.27,3E,288.99,A4,4.17,08AD,-503.89,B4,6.05
2519.9,06BF,-3.47,06BF,-3.47,0724,-14.68,06FD,-10.35,0640,10.63,0D39,5166.36,0D24,5134.31,0D08,5091.58,0D0C,5097.68,0D2C,5146.52,57,405.52,20,149.16,06,27.97,0B,51.27,1A,121.19,A4,4.17,08BF,-556.6,B4,6.05
2531.2,06B5,-2.36,06BC,-3.14,0725,-14.79,06FA,-10.02,063E,10.85,0D71,5251.83,0D74,5256.41,0D4C,5195.36,0D51,5202.99,0D5C,5219.78,40,298.31,41,302.97,06,27.97,09,41.95,0D,60.59,A4,4.17,08B7,-533.17,B4,6.05
2542.5,06AC,-1.36,06B3,-2.14,0724,-14.68,06F9,-9.91,063F,10.74,0D10,5103.79,0D25,5135.84,0CF6,5064.1,0CF8,5067.16,0D11,5105.31,1F,144.49,5C,428.82,07,32.63,08,37.29,11,79.24,A4,4.17,08B7,-533.17,B4,6.05
2553.8,06AA,-1.14,06A8,-0.92,0724,-14.68,06FB,-10.13,0643,10.29,0BE4,4645.91,0C0B,4705.43,0BDA,4630.65,0BD6,4624.54,0BFF,4687.12,0C,55.93,5D,433.48,09,41.95,05,23.31,26,177.12,A4,4.17,0898,-442.4,B4,6.05
2565.1,06AC,-1.36,0698,0.86,0723,-14.57,06FE,-10.46,0644,10.18,0BE4,4645.91,0C00,4688.64,0BE1,4641.33,0BD3,4619.96,0C04,4694.75,0B,51.27,44,316.95,0A,46.61,03,13.98,37,256.36,A4,4.17,0877,-345.76,B4,6.05
2576.4,06B1,-1.91,0693,1.41,0721,-14.34,0705,-11.24,0640,10.63,0BD8,4627.59,0BEF,4662.7,0BDC,4633.7,0BC2,4594.02,0C04,4694.75,08,37.29,1C,130.51,0B,51.27,02,9.32,44,316.95,A3,4.15,0863,-287.19,B4,6.05
2587.7,06B7,-2.58,0695,1.19,071F,-14.12,0706,-11.35,0637,11.62,0BC5,4598.6,0BD6,4624.54,0BDD,4635.23,0BC8,4603.17,0BFD,4684.07,04,18.64,06,27.97,0A,46.61,03,13.98,4B,349.58,A3,4.15,0846,-202.27,B4,6.05
2599,06BC,-3.14,0699,0.75,071D,-13.9,0705,-11.24,062B,12.96,0B6A,4459.71,0BDB,4632.17,0BD9,4629.12,0BE3,4644.38,0C00,4688.64,03,13.98,05,23.31,09,41.95,16,102.54,4A,344.92,A3,4.15,085F,-275.48,B4,6.05
2610.3,06C0,-3.58,069F,0.08,071C,-13.79,0700,-10.68,061E,14.4,0C03,4693.22,0BD1,4616.91,0BDC,4633.7,0BEB,4656.59,0C04,4694.75,2B,200.43,02,9.32,07,32.63,17,107.21,47,330.94,A4,4.17,0890,-418.97,B4,6.05
2621.6,06B7,-2.58,06A3,-0.36,071C,-13.79,06FF,-10.57,0614,15.51,0C04,4694.75,0BB8,4578.75,0BD7,4626.07,0BD7,4626.07,0C04,4694.75,4F,368.23,00,0,06,27.97,07,32.63,3D,284.33,A4,4.17,089B,-451.18,B4,6.05
2632.9,06B5,-2.36,06AD,-1.47,071D,-13.9,06FC,-10.24,060F,16.06,0D00,5079.37,0CF2,5058,0CC7,4992.37,0CCF,5004.58,0CEF,5053.42,5A,419.5,17,107.21,04,18.64,08,37.29,1A,121.19,A5,4.2,08A7,-486.32,B4,6.05
2644.2,06A9,-1.03,06A8,-0.92,071E,-14.01,06F8,-9.79,060E,16.17,0D6C,5244.2,0D6C,5244.2,0D3C,5170.94,0D43,5181.62,0D4B,5193.83,46,326.28,38,261.02,04,18.64,08,37.29,07,32.63,A4,4.17,08A5,-480.46,B4,6.05
2655.5,069E,0.19,069C,0.42,071F,-14.12,06F7,-9.68,0613,15.62,0D14,5109.89,0D24,5134.31,0CFD,5074.79,0D02,5082.42,0D02,5082.42,1A,121.19,5B,424.16,06,27.97,08,37.29,09,41.95,A4,4.17,089D,-457.04,B3,6.43
2666.8,069D,0.3,0690,1.75,071F,-14.12,06F6,-9.57,0618,15.06,0C8C,4902.32,0CB7,4967.95,0C8D,4903.85,0C8B,4900.79,0CA4,4938.95,0A,46.61,61,452.13,07,32.63,06,27.97,17,107.21,A5,4.2,088A,-401.4,B3,6.43
2678.1,069F,0.08,0685,2.97,071F,-14.12,06F8,-9.79,061B,14.73,0BE8,4652.01,0C07,4699.33,0BE2,4642.86,0BCE,4612.33,0BFD,4684.07,0B,51.27,4E,363.57,08,37.29,04,18.64,2E,214.41,A4,4.17,089C,-454.11,B3,6.43
2689.4,06A2,-0.25,067F,3.63,071C,-13.79,06FB,-10.13,061A,14.84,0BD9,4629.12,0BF8,4676.43,0BDB,4632.17,0BCD,4610.81,0C00,4688.64,09,41.95,2A,195.77,09,41.95,02,9.32,3E,288.99,A4,4.17,086C,-313.55,B3,6.43
2700.7,06A6,-0.69,067F,3.63,071B,-13.68,06FF,-10.57,0616,15.29,0BD5,4623.02,0BE1,4641.33,0BD9,4629.12,0BC0,4590.96,0C01,4690.17,07,32.63,10,74.58,09,41.95,01,4.66,43,312.29,A3,4.15,084B,-216.91,B3,6.43
2712,06AD,-1.47,0683,3.19,0717,-13.23,0702,-10.9,0607,16.95,0BA9,4555.86,0BD8,4627.59,0BD9,4629.12,0BDF,4638.28,0BFC,4682.54,03,13.98,05,23.31,08,37.29,11,79.24,47,330.94,A3,4.15,0850,-231.55,B3,6.43
2723.3,06B1,-1.91,0688,2.63,0715,-13.01,06FE,-10.46,05FC,18.17,0BF7,4674.91,0BD7,4626.07,0BD6,4624.54,0BEE,4661.17,0C05,4696.28,29,191.11,04,18.64,06,27.97,18,111.87,43,312.29,A4,4.17,088A,-401.4,B3,6.43
2734.6,06B1,-1.91,0688,2.63,0715,-13.01,06FE,-10.46,05FC,18.17,0BF7,4674.91,0BD7,4626.07,0BD6,4624.54,0BEE,4661.17,0C05,4696.28,29,191.11,04,18.64,06,27.97,18,111.87,43,312.29,A4,4.17,088A,-401.4,B3,6.43
2745.9,069B,0.53,0695,1.19,0719,-13.46,06F7,-9.68,05F0,19.5,0D6C,5244.2,0D59,5215.2,0D37,5163.31,0D3D,5172.47,0D2B,5144.99,4B,349.58,30,223.73,03,13.98,08,37.29,02,9.32,A4,4.17,0893,-427.75,B3,6.43
2757.2,068D,2.08,068B,2.3,071A,-13.57,06F2,-9.13,05F7,18.73,0CDF,5029,0CE4,5036.63,0CB1,4958.79,0CB2,4960.32,0CA0,4932.84,28,186.44,5E,438.14,05,23.31,09,41.95,05,23.31,A5,4.2,0894,-430.68,B3,6.43
2768.5,068B,2.3,067F,3.63,0719,-13.46,06F2,-9.13,05FE,17.95,0C99,4922.16,0BFF,4687.12,0BDF,4638.28,0BDD,4635.23,0BE7,4650.49,0A,46.61,65,470.77,07,32.63,08,37.29,13,88.56,A5,4.2,0882,-377.97,B3,6.43
2779.8,068E,1.97,0674,4.85,0719,-13.46,06F2,-9.13,0603,17.39,0C8C,4902.32,0CAD,4952.69,0C75,4867.22,0C75,4867.22,0C97,4919.11,0A,46.61,55,396.19,08,37.29,05,23.31,1D,135.17,A5,4.2,088E,-413.11,B3,6.43
2791.1,0690,1.75,066D,5.63,0716,-13.12,06F8,-9.79,0604,17.28,0BE2,4642.86,0BF9,4677.96,0BDC,4633.7,0BCD,4610.81,0BF9,4677.96,0A,46.61,35,247.04,0A,46.61,03,13.98,39,265.68,A4,4.17,087A,-354.54,B2,6.82
2802.4,0695,1.19,066D,5.63,0714,-12.9,06F9,-9.91,05FF,17.84,0BCE,4612.33,0BE2,4642.86,0BDD,4635.23,0BBC,4584.86,0BFA,4679.49,07,32.63,0B,51.27,0A,46.61,01,4.66,43,312.29,A3,4.15,0843,-193.48,B2,6.82
2813.7,069A,0.64,0672,5.08,0712,-12.68,06FC,-10.24,05F4,19.06,0BC3,4595.54,0BD5,4623.02,0BD1,4616.91,0BDF,4638.28,0BFC,4682.54,05,23.31,06,27.97,09,41.95,0C,55.93,45,321.62,A3,4.15,084A,-213.98,B2,6.82
2825,069E,0.19,0675,4.74,070E,-12.24,06F8,-9.79,05E9,20.28,0BEE,4661.17,0BD4,4621.49,0BDA,4630.65,0BEE,4661.17,0BF9,4677.96,1D,135.17,05,23.31,08,37.29,1D,135.17,41,302.97,A4,4.17,0884,-383.83,B2,6.82
2836.3,069E,0.19,067A,4.19,070E,-12.24,06F6,-9.57,05E0,21.28,0CCB,4998.47,0C91,4909.95,0CA1,4934.37,0CB1,4958.79,0CBD,4977.11,48,335.6,01,4.66,06,27.97,15,97.88,21,153.82,A5,4.2,088B,-404.33,B2,6.82
2847.6,0697,0.97,067F,3.63,070F,-12.35,06F2,-9.13,05DB,21.83,0CAE,4954.21,0C5C,4829.06,0C6E,4856.53,0C80,4884,0C8E,4905.37,62,456.79,00,0,04,18.64,06,27.97,1A,121.19,A5,4.2,0884,-383.83,B2,6.82
2858.9,068B,2.3,0684,3.08,0711,-12.57,06F2,-9.13,05DD,21.61,0D51,5202.99,0D3E,5173.99,0D12,5106.84,0D21,5129.73,0CFD,5074.79,56,400.85,1F,144.49,03,13.98,08,37.29,02,9.32,A5,4.2,0884,-383.83,B2,6.82
2870.2,067D,3.86,067F,3.63,0714,-12.9,06EF,-8.8,05E5,20.72,0D43,5181.62,0D4F,5199.94,0D1B,5120.57,0D28,5140.42,0C83,4888.58,34,242.38,49,340.26,04,18.64,0A,46.61,01,4.66,A5,4.2,0883,-380.9,B2,6.82
2881.5,0677,4.52,0673,4.97,0713,-12.79,06EB,-8.35,05EE,19.72,0BE9,4653.54,0C02,4691.7,0BD3,4619.96,0BDC,4633.7,0BDD,4635.23,11,79.24,66,475.43,06,27.97,0A,46.61,09,41.95,A4,4.17,0871,-328.19,B2,6.82
2892.8,0675,4.74,066D,5.63,0714,-12.9,06EB,-8.35,05F3,19.17,0CCB,4998.47,0CF3,5059.52,0CC6,4990.84,0CD0,5006.11,0CD2,5009.16,09,41.95,5F,442.8,08,37.29,09,41.95,0A,46.61,A5,4.2,0881,-375.04,B2,6.82
2904.1,067C,3.97,0660,7.07,0712,-12.68,06ED,-8.57,05F8,18.62,0C90,4908.42,0CA6,4942,0C8F,4906.9,0C80,4884,0CAD,4952.69,0A,46.61,44,316.95,0A,46.61,05,23.31,22,158.48,A5,4.2,087F,-369.19,B2,6.82
2915.4,0680,3.52,065F,7.18,0710,-12.46,06EF,-8.8,05F4,19.06,0BD8,4627.59,0BEE,4661.17,0BDC,4633.7,0BC6,4600.12,0BFB,4681.01,0A,46.61,1C,130.51,0B,51.27,03,13.98,3E,288.99,A4,4.17,085B,-263.77,B2,6.82
2926.7,0685,2.97,0663,6.74,070C,-12.01,06F3,-9.24,05EA,20.17,0BCC,4609.28,0BD3,4619.96,0BD9,4629.12,0BD6,4624.54,0BF8,4676.43,06,27.97,06,27.97,0A,46.61,0A,46.61,43,312.29,A3,4.15,0849,-211.06,B1,7.2
2938,0688,2.63,0665,6.52,0708,-11.57,06F1,-9.02,05E0,21.28,0BDF,4638.28,0BD9,4629.12,0BD6,4624.54,0BE9,4653.54,0BFF,4687.12,0D,60.59,07,32.63,09,41.95,24,167.8,40,298.31,A4,4.17,0877,-345.76,B1,7.2
2949.3,068A,2.41,0668,6.19,0706,-11.35,06EC,-8.46,05D8,22.17,0D17,5114.47,0CDB,5022.89,0CEC,5048.84,0D07,5090.05,0D10,5103.79,36,251.7,01,4.66,07,32.63,26,177.12,18,111.87,A5,4.2,087C,-360.4,B1,7.2
2960.6,0686,2.86,066D,5.63,0707,-11.46,06E9,-8.13,05D1,22.94,0D15,5111.42,0CBA,4972.53,0CE0,5030.53,0CF4,5061.05,0CFC,5073.26,56,400.85,00,0,05,23.31,12,83.9,10,74.58,A5,4.2,087A,-354.54,B1,7.2
2971.9,0679,4.3,0675,4.74,070A,-11.79,06E6,-7.8,05D3,22.72,0D34,5158.73,0D0E,5100.73,0CFC,5073.26,0D08,5091.58,0CCB,4998.47,5A,419.5,12,83.9,03,13.98,07,32.63,01,4.66,A5,4.2,0877,-345.76,B1,7.2
2983.2,066A,5.96,0675,4.74,070C,-12.01,06E6,-7.8,05DB,21.83,0D4E,5198.41,0D50,5201.47,0D1D,5123.63,0D29,5141.94,0C81,4885.53,41,302.97,35,247.04,03,13.98,09,41.95,01,4.66,A4,4.17,0876,-342.83,B1,7.2
2994.5,0665,6.52,066E,5.52,070D,-12.12,06E5,-7.69,05E2,21.06,0D63,5230.46,0D70,5250.31,0D3C,5170.94,0D4F,5199.94,0C6F,4858.06,1C,130.51,49,340.26,03,13.98,0A,46.61,01,4.66,A5,4.2,0877,-345.76,B1,7.2
3005.8,0663,6.74,0662,6.85,070D,-12.12,06E1,-7.24,05EB,20.06,0CE4,5036.63,0D0F,5102.26,0CDA,5021.37,0CEA,5045.79,0CDD,5025.95,08,37.29,5D,433.48,06,27.97,09,41.95,05,23.31,A5,4.2,0873,-334.05,B1,7.2
3017.1,0666,6.41,0659,7.85,070D,-12.12,06E1,-7.24,05F1,19.39,0CE7,5041.21,0D03,5083.94,0CE1,5032.05,0CD4,5012.21,0CF5,5062.58,0A,46.61,4A,344.92,08,37.29,07,32.63,13,88.56,A5,4.2,0875,-339.9,B1,7.2
3028.4,066B,5.85,0652,8.63,070B,-11.9,06E3,-7.46,05EF,19.61,0C21,4739.01,0C20,4737.48,0C16,4722.22,0C0E,4710.01,0C36,4771.06,0D,60.59,2E,214.41,0B,51.27,04,18.64,32,233.06,A5,4.2,0872,-331.12,B1,7.2
3039.7,066E,5.52,0655,8.29,0709,-11.68,06E7,-7.91,05E8,20.39,0BD3,4619.96,0BD9,4629.12,0BD5,4623.02,0BBD,4586.39,0BFA,4679.49,0A,46.61,09,41.95,0C,55.93,02,9.32,40,298.31,A4,4.17,0841,-187.63,B1,7.2
3051,0671,5.19,0659,7.85,0704,-11.13,06E7,-7.91,05DF,21.39,0BED,4659.65,0BF9,4677.96,0BEF,4662.7,0C0A,4703.91,0C1C,4731.38,06,27.97,0C,55.93,0A,46.61,24,167.8,3D,284.33,A5,4.2,0873,-334.05,B1,7.2
3062.3,0675,4.74,065A,7.74,0702,-10.9,06E2,-7.35,05D7,22.28,0D4D,5196.89,0D27,5138.89,0D39,5166.36,0D55,5209.1,0D44,5183.15,13,88.56,02,9.32,08,37.29,35,247.04,12,83.9,A5,4.2,0851,-234.48,B1,7.2
3073.6,0676,4.63,065D,7.41,0701,-10.79,06DB,-6.58,05CF,23.16,0D6D,5245.73,0D1A,5119.05,0D3E,5173.99,0D5C,5219.78,0D48,5189.26,39,265.68,00,0,05,23.31,2D,209.75,09,41.95,A5,4.2,0870,-325.26,B0,7.58
3084.9,066C,5.74,0663,6.74,0705,-11.24,06D8,-6.24,05CD,23.39,0D49,5190.78,0CB2,4960.32,0D10,5103.79,0D1F,5126.68,0D01,5080.89,53,386.87,00,0,03,13.98,05,23.31,02,9.32,A5,4.2,084D,-222.77,B0,7.58
3096.2,0663,6.74,0668,6.19,0706,-11.35,06D8,-6.24,05D0,23.05,0D69,5239.62,0D41,5178.57,0D2A,5143.47,0D38,5164.84,0CC0,4981.68,48,335.6,08,37.29,02,9.32,07,32.63,01,4.66,A5,4.2,084D,-222.77,B0,7.58
3107.5,0655,8.29,0665,6.52,0708,-11.57,06D8,-6.24,05DA,21.94,0D83,5279.3,0D89,5288.46,0D54,5207.57,0D70,5250.31,0CBA,4972.53,27,181.78,31,228.39,03,13.98,0E,65.26,01,4.66,A5,4.2,084A,-213.98,B0,7.58
3118.8,064D,9.18,065C,7.52,0708,-11.57,06D7,-6.13,05E1,21.17,0D61,5227.41,0D89,5288.46,0D54,5207.57,0D69,5239.62,0CB0,4957.26,08,37.29,41,302.97,03,13.98,10,74.58,01,4.66,A5,4.2,084B,-216.91,B0,7.58
3130.1,064E,9.07,0650,8.85,0708,-11.57,06D3,-5.69,05E8,20.39,0D37,5163.31,0D69,5239.62,0D3A,5167.89,0D4E,5198.41,0D30,5152.63,05,23.31,40,298.31,06,27.97,0D,60.59,03,13.98,A5,4.2,0848,-208.13,B0,7.58
3141.4,064A,9.52,0647,9.85,0708,-11.57,06D2,-5.58,05EB,20.06,0D29,5141.94,0D44,5183.15,0D28,5140.42,0D28,5140.42,0D2C,5146.52,0B,51.27,30,223.73,0A,46.61,09,41.95,0F,69.92,A5,4.2,084A,-213.98,B0,7.58
3152.7,0654,8.41,0645,10.07,0706,-11.35,06D6,-6.02,05E8,20.39,0C54,4816.85,0C47,4797.01,0C43,4790.9,0C3A,4777.17,0C5D,4830.59,14,93.22,0C,55.93,0E,65.26,04,18.64,2F,219.07,A5,4.2,0846,-202.27,B0,7.58
3164,0657,8.07,0648,9.74,0702,-10.9,06D7,-6.13,05E2,21.06,0CDB,5022.89,0CDC,5024.42,0CDC,5024.42,0CEF,5053.42,0CF2,5058,0A,46.61,07,32.63,0E,65.26,1D,135.17,1F,144.49,A5,4.2,0847,-205.2,B0,7.58
3175.3,065A,7.74,064B,9.4,06FF,-10.57,06D4,-5.8,05D9,22.06,0CFE,5076.31,0D42,5180.1,0D51,5202.99,0D64,5231.99,0D5D,5221.31,03,13.98,02,9.32,0C,55.93,3B,275,0E,65.26,A5,4.2,0847,-205.2,B0,7.58
3186.6,0660,7.07,064D,9.18,06FE,-10.46,06CC,-4.91,05D1,22.94,0D98,5311.36,0D54,5207.57,0D85,5282.36,0DA1,5325.09,0D7C,5268.62,13,88.56,00,0,08,37.29,3B,275,04,18.64,A5,4.2,0844,-196.41,B0,7.58
3197.9,065B,7.63,064F,8.96,06FF,-10.57,06C4,-4.02,05CC,23.5,0D5C,5219.78,0D13,5108.36,0D2B,5144.99,0D40,5177.05,0D27,5138.89,3F,293.65,00,0,05,23.31,1E,139.83,04,18.64,A5,4.2,0841,-187.63,B0,7.58
3209.2,064F,8.96,0654,8.41,0700,-10.68,06C4,-4.02,05D0,23.05,0CA7,4943.53,0CC8,4993.89,0CBF,4980.16,0CCB,4998.47,0CBE,4978.63,5B,424.16,03,13.98,04,18.64,06,27.97,03,13.98,A5,4.2,0842,-190.56,AF,7.96
3220.5,0644,10.18,0657,8.07,0701,-10.79,06C6,-4.25,05D6,22.39,0D80,5274.73,0D79,5264.04,0D4C,5195.36,0D65,5233.52,0CD6,5015.26,2D,209.75,1F,144.49,03,13.98,0A,46.61,01,4.66,A5,4.2,0841,-187.63,AF,7.96
3231.8,063A,11.29,0651,8.74,0702,-10.9,06C5,-4.13,05DD,21.61,0D83,5279.3,0D92,5302.2,0D65,5233.52,0D79,5264.04,0CDC,5024.42,10,74.58,33,237.72,03,13.98,0F,69.92,01,4.66,A5,4.2,083F,-181.77,AF,7.96
3243.1,0636,11.73,0645,10.07,0703,-11.01,06C2,-3.8,05E3,20.95,0CFF,5077.84,0D71,5251.83,0D42,5180.1,0D5D,5221.31,0CD2,5009.16,03,13.98,3D,284.33,03,13.98,12,83.9,01,4.66,A5,4.2,0841,-187.63,AF,7.96
3254.4,063B,11.18,0639,11.4,0705,-11.24,06C1,-3.69,05EA,20.17,0D26,5137.36,0D4E,5198.41,0D20,5128.21,0D35,5160.26,0D20,5128.21,08,37.29,37,256.36,05,23.31,10,74.58,04,18.64,A5,4.2,0840,-184.7,AF,7.96
3265.7,063E,10.85,0633,12.07,0703,-11.01,06C1,-3.69,05ED,19.84,0CCF,5004.58,0CD5,5013.74,0CBB,4974.05,0CC9,4995.42,0CD6,5015.26,14,93.22,1E,139.83,07,32.63,0A,46.61,16,102.54,A5,4.2,0840,-184.7,AF,7.96
3277,0641,10.51,0637,11.62,0702,-10.9,06C3,-3.91,05EC,19.95,0C6C,4853.48,0C46,4795.48,0C59,4824.48,0C50,4810.74,0C65,4842.8,18,111.87,04,18.64,0A,46.61,0C,55.93,28,186.44,A5,4.2,083D,-175.91,AF,7.96
3288.3,0642,10.4,063C,11.07,0700,-10.68,06C2,-3.8,05E8,20.39,0D3B,5169.41,0D1A,5119.05,0D3D,5172.47,0D5A,5216.73,0D47,5187.73,06,27.97,00,0,0A,46.61,36,251.7,10,74.58,A5,4.2,0841,-187.63,AF,7.96
3299.6,0645,10.07,063E,10.85,06FE,-10.46,06BF,-3.47,05E3,20.95,0D28,5140.42,0D3A,5167.89,0D72,5253.36,0D99,5312.88,0D77,5260.99,03,13.98,00,0,09,41.95,41,302.97,08,37.29,A5,4.2,0841,-187.63,AF,7.96
3310.9,0649,9.63,0641,10.51,06FC,-10.24,06B0,-1.8,05DB,21.83,0DA7,5334.25,0D39,5166.36,0D88,5286.94,0DAA,5338.83,0D64,5231.99,1A,121.19,00,0,05,23.31,30,223.73,02,9.32,A5,4.2,083B,-170.06,AF,7.96
3322.2,0642,10.4,0644,10.18,06FD,-10.35,06AB,-1.25,05DD,21.61,0D5E,5222.83,0D0A,5094.63,0D32,5155.68,0D48,5189.26,0CF4,5061.05,3D,284.33,00,0,05,23.31,10,74.58,01,4.66,A5,4.2,083E,-178.84,AF,7.96
3333.5,0637,11.62,0648,9.74,06FF,-10.57,06AE,-1.58,05E2,21.06,0D48,5189.26,0D2D,5148.05,0D11,5105.31,0D0F,5102.26,0C9D,4928.27,42,307.63,0E,65.26,04,18.64,02,9.32,01,4.66,A5,4.2,083B,-170.06,AF,7.96
3344.8,0629,13.18,0648,9.74,06FE,-10.46,06B0,-1.8,05E9,20.28,0D85,5282.36,0D87,5285.41,0D73,5254.88,0D5F,5224.36,0CBC,4975.58,1C,130.51,25,172.46,0D,60.59,03,13.98,01,4.66,A5,4.2,0839,-164.2,AF,7.96
3356.1,0624,13.73,0640,10.63,06FB,-10.13,06B1,-1.91,05F0,19.5,0D31,5154.15,0D88,5286.94,0D73,5254.88,0D62,5228.94,0CC7,4992.37,03,13.98,36,251.7,11,79.24,07,32.63,01,4.66,A5,4.2,083A,-167.13,AF,7.96
3367.4,0627,13.4,0633,12.07,06FA,-10.02,06B0,-1.8,05F6,18.84,0CE9,5044.26,0D4A,5192.31,0D2E,5149.57,0D2C,5146.52,0CBF,4980.16,03,13.98,3D,284.33,08,37.29,0A,46.61,01,4.66,A5,4.2,083A,-167.13,AF,7.96
3378.7,062C,12.84,0627,13.4,06FB,-10.13,06AE,-1.58,05FD,18.06,0BE0,4639.8,0BF0,4664.22,0BCB,4607.75,0BD5,4623.02,0BCF,4613.86,10,74.58,34,242.38,05,23.31,0A,46.61,09,41.95,A4,4.17,0837,-158.34,AF,7.96
3390,0632,12.18,062C,12.84,06FE,-10.46,06B3,-2.14,0602,17.51,0BDB,4632.17,0BC0,4590.96,0BCC,4609.28,0BC4,4597.07,0BE3,4644.38,13,88.56,03,13.98,06,27.97,05,23.31,1A,121.19,A4,4.17,0802,-3.14,AF,7.96
3401.3,0633,12.07,0632,12.18,06FD,-10.35,06AE,-1.58,0605,17.17,0CE1,5032.05,0CCE,5003.05,0CEC,5048.84,0D06,5088.52,0D01,5080.89,08,37.29,01,4.66,08,37.29,31,228.39,15,97.88,A5,4.2,083F,-181.77,AF,7.96
3412.6,0638,11.51,0638,11.51,06FA,-10.02,06A8,-0.92,0602,17.51,0CDA,5021.37,0D13,5108.36,0D8F,5297.62,0DBB,5364.77,0D93,5303.72,03,13.98,00,0,06,27.97,41,302.97,05,23.31,A5,4.2,083E,-178.84,AF,7.96
3423.9,063C,11.07,0639,11.4,06F8,-9.79,069E,0.19,05FD,18.06,0DA0,5323.57,0D13,5108.36,0D8C,5293.04,0DAF,5346.46,0D7C,5268.62,0D,60.59,00,0,05,23.31,3A,270.34,03,13.98,A5,4.2,083A,-167.13,AF,7.96
3435.2,063B,11.18,063C,11.07,06F9,-9.91,0697,0.97,05FE,17.95,0D8A,5289.99,0CF6,5064.1,0D5F,5224.36,0D7C,5268.62,0D01,5080.89,28,186.44,00,0,04,18.64,21,153.82,01,4.66,A5,4.2,0833,-146.63,AF,7.96
3446.5,062D,12.73,0640,10.63,06F9,-9.91,0696,1.08,0604,17.28,0D1D,5123.63,0CBA,4972.53,0D00,5079.37,0CD7,5016.79,0C9A,4923.69,4B,349.58,00,0,0A,46.61,00,0,01,4.66,A5,4.2,0837,-158.34,AF,7.96
3457.8,0622,13.95,0643,10.29,06F5,-9.46,069C,0.42,060A,16.62,0D88,5286.94,0D81,5276.25,0D8C,5293.04,0D46,5186.2,0CC7,4992.37,1C,130.51,14,93.22,20,149.16,00,0,01,4.66,A5,4.2,0836,-155.42,AF,7.96
3469.1,0617,15.17,063E,10.85,06EC,-8.46,069D,0.3,060E,16.17,0D69,5239.62,0DAC,5341.88,0DB4,5354.09,0D6D,5245.73,0CE4,5036.63,03,13.98,1C,130.51,2C,205.09,00,0,01,4.66,A5,4.2,0838,-161.27,AF,7.96
3480.4,0619,14.95,0633,12.07,06E3,-7.46,069E,0.19,0612,15.73,0C99,4922.16,0D9C,5317.46,0DA4,5329.67,0D69,5239.62,0CED,5050.37,02,9.32,1E,139.83,2B,200.43,01,4.66,01,4.66,A5,4.2,0836,-155.42,AE,8.35
3491.7,0620,14.18,0628,13.29,06E0,-7.13,069C,0.42,0617,15.17,0CD1,5007.63,0D01,5080.89,0CF1,5056.47,0CDA,5021.37,0CC6,4990.84,04,18.64,2C,205.09,1B,125.85,05,23.31,02,9.32,A5,4.2,0833,-146.63,AF,7.96
3503,0623,13.84,0628,13.29,06E2,-7.35,069F,0.08,061A,14.84,0BD5,4623.02,0BE3,4644.38,0BD2,4618.44,0BC1,4592.49,0BC7,4601.65,0C,55.93,19,116.53,0C,55.93,06,27.97,07,32.63,A4,4.17,0806,-14.85,AF,7.96
3514.3,0628,13.29,062E,12.62,06E8,-8.02,06A0,-0.03,0620,14.18,0BD7,4626.07,0BCD,4610.81,0BC1,4592.49,0BEA,4655.07,0BD9,4629.12,0D,60.59,05,23.31,05,23.31,29,191.11,0F,69.92,A4,4.17,0821,-93.92,AE,8.35
3525.6,062C,12.84,0638,11.51,06EB,-8.35,0692,1.53,0624,13.73,0CD9,5019.84,0CFF,5077.84,0D35,5160.26,0D5B,5218.25,0D4A,5192.31,03,13.98,00,0,04,18.64,4F,368.23,0C,55.93,A5,4.2,083E,-178.84,AE,8.35
3536.9,0631,12.29,0639,11.4,06EA,-8.24,068E,1.97,0622,13.95,0D60,5225.89,0D13,5108.36,0D71,5251.83,0DAC,5341.88,0D7F,5273.2,03,13.98,00,0,03,13.98,44,316.95,04,18.64,A5,4.2,083A,-167.13,AE,8.35
3548.2,0633,12.07,063B,11.18,06E8,-8.02,0684,3.08,0624,13.73,0D93,5303.72,0D09,5093.1,0D62,5228.94,0D8F,5297.62,0D07,5090.05,19,116.53,00,0,02,9.32,32,233.06,01,4.66,A5,4.2,0838,-161.27,AE,8.35
3559.5,062B,12.96,063E,10.85,06EA,-8.24,0680,3.52,0629,13.18,0D67,5236.57,0CE8,5042.74,0D55,5209.1,0D53,5206.04,0CE0,5030.53,30,223.73,00,0,0F,69.92,11,79.24,01,4.66,A5,4.2,0836,-155.42,AE,8.35
3570.8,061F,14.29,0643,10.29,06E3,-7.46,0682,3.3,062D,12.73,0D7A,5265.57,0D39,5166.36,0D86,5283.88,0CFF,5077.84,0D14,5109.89,1F,144.49,00,0,30,223.73,00,0,01,4.66,A5,4.2,0836,-155.42,AE,8.35
3582.1,0616,15.29,0644,10.18,06D6,-6.02,0688,2.63,0631,12.29,0D90,5299.15,0DB1,5349.51,0DD5,5404.46,0D3E,5173.99,0D36,5161.78,04,18.64,07,32.63,40,298.31,00,0,01,4.66,A5,4.2,0834,-149.56,AE,8.35
3593.4,0611,15.84,063D,10.96,06C7,-4.36,068A,2.41,0633,12.07,0C79,4873.32,0DC2,5375.46,0DDD,5416.67,0D57,5212.15,0D44,5183.15,03,13.98,07,32.63,40,298.31,00,0,01,4.66,A5,4.2,0832,-143.7,AE,8.35
3604.7,0618,15.06,0635,11.85,06BD,-3.25,068B,2.3,0634,11.96,0CE5,5038.16,0D56,5210.62,0D69,5239.62,0D30,5152.63,0D2B,5144.99,03,13.98,10,74.58,36,251.7,01,4.66,02,9.32,A5,4.2,0832,-143.7,AE,8.35
3616,061E,14.4,0636,11.73,06BE,-3.36,068E,1.97,0636,11.73,0BDD,4635.23,0BC1,4592.49,0BD9,4629.12,0BC4,4597.07,0BD0,4615.38,0F,69.92,03,13.98,1A,121.19,05,23.31,09,41.95,A4,4.17,0800,2.72,AE,8.35
3627.3,0620,14.18,063D,10.96,06C3,-3.91,068D,2.08,063B,11.18,0BDD,4635.23,0BCD,4610.81,0BC4,4597.07,0BEF,4662.7,0BC9,4604.7,10,74.58,06,27.97,04,18.64,2D,209.75,07,32.63,A4,4.17,0822,-96.85,AE,8.35
3638.6,0625,13.62,0643,10.29,06CB,-4.8,0685,2.97,0640,10.63,0D01,5080.89,0D1E,5125.15,0D33,5157.2,0D61,5227.41,0D3A,5167.89,03,13.98,00,0,04,18.64,4F,368.23,08,37.29,A5,4.2,0833,-146.63,AE,8.35
3649.9,0628,13.29,0645,10.07,06CD,-5.02,067C,3.97,0642,10.4,0D17,5114.47,0D37,5163.31,0D46,5186.2,0D72,5253.36,0D4A,5192.31,03,13.98,01,4.66,04,18.64,4F,368.23,04,18.64,A5,4.2,0834,-149.56,AE,8.35
3661.2,062B,12.96,064B,9.4,06CD,-5.02,0670,5.3,0645,10.07,0D77,5260.99,0D3C,5170.94,0D59,5215.2,0D7F,5273.2,0CD9,5019.84,0E,65.26,00,0,03,13.98,3E,288.99,01,4.66,A4,4.17,0832,-143.7,AE,8.35
3672.5,062B,12.96,0648,9.74,06CB,-4.8,066A,5.96,0649,9.63,0D90,5299.15,0D29,5141.94,0D93,5303.72,0D91,5300.67,0D1C,5122.1,12,83.9,00,0,1F,144.49,1B,125.85,01,4.66,A5,4.2,0831,-140.77,AE,8.35
3683.8,061D,14.51,064B,9.4,06C1,-3.69,066A,5.96,064C,9.29,0D9F,5322.04,0D00,5079.37,0DBB,5364.77,0D21,5129.73,0D51,5202.99,0D,60.59,00,0,3C,279.67,00,0,01,4.66,A5,4.2,0830,-137.85,AE,8.35
3695.1,0613,15.62,064F,8.96,06B2,-2.03,066F,5.41,064E,9.07,0D7D,5270.15,0D7C,5268.62,0DEF,5444.14,0D24,5134.31,0D74,5256.41,03,13.98,00,0,45,321.62,00,0,01,4.66,A5,4.2,082E,-131.99,AE,8.35
3706.4,0611,15.84,064F,8.96,06A8,-0.92,0671,5.19,064E,9.07,0C97,4919.11,0DAA,5338.83,0DFA,5460.93,0D41,5178.57,0D7F,5273.2,03,13.98,00,0,45,321.62,00,0,01,4.66,A5,4.2,082F,-134.92,AE,8.35
3717.7,0618,15.06,064C,9.29,0697,0.97,0677,4.52,064E,9.07,0CEF,5053.42,0D76,5259.46,0DA2,5326.62,0D4C,5195.36,0D66,5235.04,03,13.98,02,9.32,42,307.63,00,0,03,13.98,A5,4.2,082C,-126.13,AE,8.35
3729,061D,14.51,064C,9.29,0694,1.3,0678,4.41,064D,9.18,0C65,4842.8,0C39,4775.64,0C74,4865.69,0C41,4787.85,0C5A,4826.01,0E,65.26,00,0,2F,219.07,07,32.63,0B,51.27,A5,4.2,082C,-126.13,AE,8.35
3740.3,061F,14.29,0652,8.63,069A,0.64,0678,4.41,0650,8.85,0C9D,4928.27,0C7E,4880.95,0C95,4916.06,0C9D,4928.27,0C7B,4876.37,0F,69.92,03,13.98,10,74.58,27,181.78,07,32.63,A4,4.17,082D,-129.06,AE,8.35
3751.6,0623,13.84,0659,7.85,06A3,-0.36,0672,5.08,0655,8.29,0D2C,5146.52,0D44,5183.15,0D51,5202.99,0D81,5276.25,0CF6,5064.1,03,13.98,00,0,04,18.64,42,307.63,01,4.66,A5,4.2,082D,-129.06,AE,8.35
3762.9,0626,13.51,065B,7.63,06A7,-0.81,0667,6.3,0659,7.85,0D00,5079.37,0D50,5201.47,0D48,5189.26,0D7B,5267.09,0CC1,4983.21,03,13.98,03,13.98,05,23.31,4E,363.57,01,4.66,A5,4.2,082C,-126.13,AE,8.35
3774.2,062A,13.07,065C,7.52,06A8,-0.92,065D,7.41,065D,7.41,0D7A,5265.57,0D6D,5245.73,0D95,5306.78,0DAD,5343.41,0CDF,5029,05,23.31,00,0,0D,60.59,37,256.36,01,4.66,A5,4.2,082E,-131.99,AE,8.35
3785.5,0629,13.18,0656,8.18,06A5,-0.58,0654,8.41,0660,7.07,0DA3,5328.14,0D5F,5224.36,0DC3,5376.98,0DBA,5363.25,0D2D,5148.05,07,32.63,00,0,26,177.12,1A,121.19,01,4.66,A5,4.2,082A,-120.28,AE,8.35
3796.8,0625,13.62,0659,7.85,0699,0.75,064F,8.96,0663,6.74,0DA2,5326.62,0D33,5157.2,0DCE,5393.77,0D9D,5318.99,0D6A,5241.15,06,27.97,00,0,3E,288.99,03,13.98,01,4.66,A5,4.2,0829,-117.35,AE,8.35
3808.1,0620,14.18,065C,7.52,068A,2.41,0651,8.74,0663,6.74,0D67,5236.57,0CF9,5068.68,0DEE,5442.61,0CFE,5076.31,0D8F,5297.62,03,13.98,00,0,42,307.63,00,0,01,4.66,A5,4.2,082A,-120.28,AE,8.35
3819.4,0620,14.18,065F,7.18,067A,4.19,0657,8.07,0662,6.85,0C5D,4830.59,0D70,5250.31,0DE8,5433.46,0D46,5186.2,0D9B,5315.93,03,13.98,00,0,42,307.63,00,0,02,9.32,A5,4.2,0827,-111.49,AE,8.35
3830.7,062A,13.07,065E,7.3,066E,5.52,065B,7.63,065F,7.18,0CF8,5067.16,0D4B,5193.83,0D95,5306.78,0D56,5210.62,0D66,5235.04,03,13.98,00,0,3F,293.65,01,4.66,04,18.64,A5,4.2,0824,-102.71,AE,8.35
3842,062D,12.73,0660,7.07,066C,5.74,065D,7.41,065E,7.3,0CE9,5044.26,0C80,4884,0D07,5090.05,0CEF,5053.42,0CEF,5053.42,08,37.29,00,0,32,233.06,08,37.29,08,37.29,A5,4.2,0825,-105.63,AE,8.35
3853.3,062F,12.51,0667,6.3,066F,5.41,065D,7.41,065F,7.18,0D2E,5149.57,0CFC,5073.26,0D4D,5196.89,0D58,5213.68,0D1D,5123.63,06,27.97,00,0,13,88.56,2B,200.43,02,9.32,A5,4.2,0824,-102.71,AE,8.35
3864.6,062F,12.51,066C,5.74,0677,4.52,0657,8.07,0661,6.96,0D2C,5146.52,0D2E,5149.57,0D40,5177.05,0D5A,5216.73,0D06,5088.52,05,23.31,02,9.32,0D,60.59,40,298.31,01,4.66,A5,4.2,0825,-105.63,AE,8.35
3875.9,0631,12.29,066E,5.52,067D,3.86,064E,9.07,0665,6.52,0D1D,5123.63,0D62,5228.94,0D7E,5271.67,0D93,5303.72,0D02,5082.42,03,13.98,02,9.32,12,83.9,3D,284.33,01,4.66,A5,4.2,0829,-117.35,AE,8.35
3887.2,0632,12.18,066C,5.74,0679,4.3,0642,10.4,0668,6.19,0D50,5201.47,0D81,5276.25,0DBB,5364.77,0DBC,5366.3,0D1E,5125.15,03,13.98,00,0,1E,139.83,24,167.8,01,4.66,A5,4.2,0826,-108.56,AE,8.35
3898.5,0634,11.96,0669,6.08,0671,5.19,0639,11.4,066B,5.85,0D9A,5314.41,0D75,5257.94,0DC7,5383.09,0DB6,5357.14,0D4A,5192.31,05,23.31,00,0,30,223.73,10,74.58,01,4.66,A5,4.2,0826,-108.56,AE,8.35
3909.8,0633,12.07,0668,6.19,066B,5.85,0637,11.62,066C,5.74,0D9E,5320.51,0D5D,5221.31,0DBF,5370.88,0D9D,5318.99,0D62,5228.94,06,27.97,00,0,3B,275,05,23.31,01,4.66,A5,4.2,0826,-108.56,AE,8.35
3921.1,0630,12.4,0668,6.19,0657,8.07,063A,11.29,066D,5.63,0D3D,5172.47,0D1C,5122.1,0DC5,5380.04,0C97,4919.11,0D82,5277.78,03,13.98,00,0,43,312.29,00,0,02,9.32,A5,4.2,0827,-111.49,AE,8.35
3932.4,0632,12.18,0668,6.19,064A,9.52,0641,10.51,066B,5.85,0C56,4819.9,0D78,5262.52,0DC1,5373.93,0D03,5083.94,0D8B,5291.51,03,13.98,00,0,3F,293.65,00,0,03,13.98,A5,4.2,0823,-99.78,AE,8.35
3943.7,0639,11.4,0668,6.19,063F,10.74,0646,9.96,066A,5.96,0CCF,5004.58,0D58,5213.68,0D96,5308.3,0D2F,5151.1,0D6C,5244.2,03,13.98,01,4.66,3E,288.99,00,0,05,23.31,A5,4.2,0822,-96.85,AE,8.35
3955,063E,10.85,066A,5.96,063B,11.18,0649,9.63,0667,6.3,0D0B,5096.15,0CAA,4948.11,0D3F,5175.52,0D13,5108.36,0D2C,5146.52,04,18.64,00,0,38,261.02,03,13.98,08,37.29,A5,4.2,0824,-102.71,AE,8.35
3966.3,0642,10.4,0671,5.19,063D,10.96,064A,9.52,0666,6.41,0D2A,5143.47,0CF4,5061.05,0D4C,5195.36,0D43,5181.62,0D27,5138.89,06,27.97,00,0,25,172.46,25,172.46,05,23.31,A5,4.2,0824,-102.71,AE,8.35
3977.6,0641,10.51,0676,4.63,0640,10.63,0644,10.18,0667,6.3,0D56,5210.62,0D3F,5175.52,0D8D,5294.57,0D9A,5314.41,0D5E,5222.83,03,13.98,00,0,16,102.54,27,181.78,02,9.32,A5,4.2,0820,-90.99,AE,8.35
3988.9,0641,10.51,0678,4.41,0643,10.29,063B,11.18,0668,6.19,0D46,5186.2,0D6B,5242.67,0D9A,5314.41,0DA7,5334.25,0D5C,5219.78,03,13.98,00,0,17,107.21,29,191.11,01,4.66,A5,4.2,0824,-102.71,AE,8.35
4000.2,0642,10.4,0678,4.41,0640,10.63,0630,12.4,066A,5.96,0D71,5251.83,0D80,5274.73,0DAC,5341.88,0DAD,5343.41,0D5D,5221.31,03,13.98,01,4.66,1F,144.49,1F,144.49,02,9.32,A5,4.2,0825,-105.63,AE,8.35
4011.5,0641,10.51,0675,4.74,0639,11.4,0629,13.18,066C,5.74,0D9F,5322.04,0D82,5277.78,0DB4,5354.09,0DA0,5323.57,0D64,5231.99,0A,46.61,01,4.66,29,191.11,0D,60.59,02,9.32,A5,4.2,0822,-96.85,AE,8.35
4022.8,063D,10.96,0673,4.97,062E,12.62,0626,13.51,066D,5.63,0D96,5308.3,0D71,5251.83,0DAB,5340.35,0D54,5207.57,0D69,5239.62,0C,55.93,01,4.66,35,247.04,00,0,02,9.32,A5,4.2,0824,-102.71,AE,8.35
4034.1,0638,11.51,0671,5.19,0623,13.84,062C,12.84,066E,5.52,0D73,5254.88,0D61,5227.41,0DA3,5328.14,0C11,4714.59,0D6B,5242.67,05,23.31,00,0,3C,279.67,00,0,03,13.98,A5,4.2,0824,-102.71,AE,8.35
4045.4,0638,11.51,0670,5.3,0617,15.17,0634,11.96,066E,5.52,0BF5,4671.86,0D80,5274.73,0DA9,5337.3,0CB1,4958.79,0D78,5262.52,,0,,0,,0,,0,,0,,0,,0,,0